source_pdf,page_number,material,source_location,quantity,artifact_type,context
DirectionalExchangePatternsDurringPovertyPoint2.pdf,2,STEATITE,,,,"...TABLE 2 CORRELATION OF FOREIGN LITHICS, STEATITE, AND CERAMICS FROM JAI(ET0WN PHASE SITES Sib Name Hebe (Ws521) Tackett (Qu567) Norman (Ou518) Swan Lake (Co647) Meredith (Co543) Bramlett (Co..."
DirectionalExchangePatternsDurringPovertyPoint2.pdf,2,Steatite,,,,"...X X X ALX Key to AMxeViations: Tern. R., Tennessee River; U. Miss. 6 Ohio R., Upper Mississlppl and Ohio rivers; SE Mo., Southeast Missouri; ST, Steatite; fl Flber-tempered pottery; ALX, Alexander po\tery..."
DirectionalExchangePatternsDurringPovertyPoint2.pdf,3,steatite,,,,"...he Ysilzao Basin had direct access: to those m a s nrior to that shift, Gibson (1984:45) has noted the apparent cuntinucd p r e f e r e n c e for steatite vessels when the ocntpantr st ihc Poverty Point site had obvious knowledge of ceramic vesselti, Whcclcr and ~ 1 e x m d . e ~ herds not =ported..."
DirectionalExchangePatternsDurringPovertyPoint2.pdf,3,steatite,,,,"...herds not =ported from my of the sites runaunding Pove- Point Webb 19821, so it appears clear that Ulc Povcrcy Point pop* water route link to the steatite source a n 'kv have crccnlnted the I...."
DirectionalExchangePatternsDurringPovertyPoint2.pdf,6,Galena,,,,"...eoscience and Man VO~. 22. Louisiana State University, Baton Rouge. Walthall, John A., Clarence H. Webb, Stephan H. Stow, and Sharon I. Goad 1982 Galena analysis and Poverty Point trade, Midcontinental Journal of Archaeology 7(1): 133-148. Webb, Clarence H. 1982 The Poverty Point Culture. Geoscienc..."
Dunnell and Greenlee_1999.pdf,2,copper,,,,"...m the southern Ap- palachians, grizzly bear teeth and obsid- ian from the Rocky Mountains, pottery from the Southeast, galena from northern Illinois, copper and silver from the Upper Great Lakes area, and chalcedony from North Dakota (Grifﬁn 1952, 1967; Prufer 1964; Seeman 1979; Walthall et al. 1979). Eve..."
Dunnell and Greenlee_1999.pdf,2,galena,,,,"...s, mica and quartz crystals from the southern Ap- palachians, grizzly bear teeth and obsid- ian from the Rocky Mountains, pottery from the Southeast, galena from northern Illinois, copper and silver from the Upper Great Lakes area, and chalcedony from North Dakota (Grifﬁn 1952, 1967; Prufer 1964; Seeman 1..."
Dunnell and Greenlee_1999.pdf,2,quartz crystal,,,,"...exotic raw materials ob- tained through interregional trade: ma- rine Busycon and Cassis shells from the Gulf and southeast Atlantic coasts, mica and quartz crystals from the southern Ap- palachians, grizzly bear teeth and obsid- ian from the Rocky Mountains, pottery from the Southeast, galena from northern Illin..."
Dunnell and Greenlee_1999.pdf,12,copper,,,,"...in the upper Ohio Valley are usually quite small when compared to earlier works and lack elab- orate tombs, but continue to contain small amounts of copper and/or other imported materials (McMichael 1968). In this area, the grave good tradition continues, even as mounds disappear, into early Monon- gahel..."
Dunnell and Greenlee_1999.pdf,12,copper,,,,"...ocation (Dunnell 1962) has early Monongahela material scattered in a roughly donut-shaped ring around the highest area. One burial produced a pair of copper ear ornaments; analysis of the copper shows it to be native copper iden- tical to that in nearby Middle Woodland mounds, not, as McMichael (1962) onc..."
Dunnell and Greenlee_1999.pdf,12,copper,,,,"...gahela material scattered in a roughly donut-shaped ring around the highest area. One burial produced a pair of copper ear ornaments; analysis of the copper shows it to be native copper iden- tical to that in nearby Middle Woodland mounds, not, as McMichael (1962) once suggested, European copper or brass...."
Dunnell and Greenlee_1999.pdf,12,native copper,,,,"...red in a roughly donut-shaped ring around the highest area. One burial produced a pair of copper ear ornaments; analysis of the copper shows it to be native copper iden- tical to that in nearby Middle Woodland mounds, not, as McMichael (1962) once suggested, European copper or brass. The burial also included hun..."
Dunnell and Greenlee_1999.pdf,12,copper,,,,"...is of the copper shows it to be native copper iden- tical to that in nearby Middle Woodland mounds, not, as McMichael (1962) once suggested, European copper or brass. The burial also included hundreds of margin- ella shell beads. The Isinglass mound further south (Graybill, p.c.) shows the same pattern; a..."
Dunnell and Greenlee_1999.pdf,13,copper,,,,"...s (Hoffman 1969) are small versions of clas- sic Woodland mounds; the grave goods include a only a few normal bifaces and a couple of tiny, inch-long copper celts, a great contrast to Hopewellian examples. In other cases, burial mounds persist, sometimes fairly large as at Turpin (Oehler 1973) in southwes..."
Dunnell and Greenlee_1999.pdf,20,Galena,,,,"...tic change and the decline of Hopewell. The W isconsin Archeologist 51:57–76. Walthall, J. A., S. H. Stow, and M. J. Karson 1979 Ohio Hopewell trade: Galena procurement and exchange. In Hopewell archaeology: The Chillicothe conference, edited by D. S. Brose and N. Greber, pp. 247–250. Kent State Universit..."
Gagliano and Saucier - 1963 - Poverty Point Sites in Southeastern Louisiana.pdf,7,quartz crystal,,,,...erforators 6 needles 28 side scrapers or slightly used blades 248 Miscellaneous Stone schist & gneiss slabs 10 crinoid stem beads 1 quartz crystals 7 Bone small socketed bone points 7 deer ulna awls 3 pins 1 cut deer toe bones 2 miscellaneous cut bone 8 Poverty Point Objects bico...
Gagliano and Saucier - 1963 - Poverty Point Sites in Southeastern Louisiana.pdf,8,soapstone,,,,"...tley and Delhi points and the characteristic slate-gray flint of which they are often made are absent. Cut jasper beads and or- naments as well as soapstone vessels are also conspicuously absent. Locally available lithic materials, both worked and unworked, are more abundant in terms of total site con..."
Gagliano and Saucier - 1963 - Poverty Point Sites in Southeastern Louisiana.pdf,8,"quartz 
crystal",,,,"...s are present at the Garcia site, there is also a signifi- cantly high percentage of stone material com- pletely foreign to the area, for example, quartz crystals, novaculite, orthoquartzite, metamor- phic rocks of several types, magnetite and hema- tite. Arkansas, Missouri, and the Appalachians and Piedmon..."
Gagliano-1963-Poverty Point sites in southeastern-American Antiquity.pdf,7,quartz crystal,,,,...erforators 6 needles 28 side scrapers or slightly used blades 248 Miscellaneous Stone schist & gneiss slabs 10 crinoid stem beads 1 quartz crystals 7 Bone small socketed bone points 7 deer ulna awls 3 pins 1 cut deer toe bones 2 miscellaneous cut bone 8 Poverty Point Objects bico...
Gagliano-1963-Poverty Point sites in southeastern-American Antiquity.pdf,8,soapstone,,,,"...tley and Delhi points and the characteristic slate-gray flint of which they are often made are absent. Cut jasper beads and or- naments as well as soapstone vessels are also conspicuously absent. Locally available lithic materials, both worked and unworked, are more abundant in terms of total site con..."
Gagliano-1963-Poverty Point sites in southeastern-American Antiquity.pdf,8,"quartz 
crystal",,,,"...s are present at the Garcia site, there is also a signifi- cantly high percentage of stone material com- pletely foreign to the area, for example, quartz crystals, novaculite, orthoquartzite, metamor- phic rocks of several types, magnetite and hema- tite. Arkansas, Missouri, and the Appalachians and Piedmon..."
Hays-2018-FeastingatPovertyPointwithPovertyPointObjects.pdf,2,steatite,,,,"...ca, including ones occupied by people over 2,000 years later who produced agricultural surpluses. Typical Poverty Point artifacts such as plum- mets, steatite bowls, Motley projectile points, and galena were also used by other Late Archaic groups, but the magnitude of their presence at Poverty Point compare..."
Hays-2018-FeastingatPovertyPointwithPovertyPointObjects.pdf,2,galena,,,,"...00 years later who produced agricultural surpluses. Typical Poverty Point artifacts such as plum- mets, steatite bowls, Motley projectile points, and galena were also used by other Late Archaic groups, but the magnitude of their presence at Poverty Point compared to contemporary sites is remarkable. The n..."
Hays-2018-FeastingatPovertyPointwithPovertyPointObjects.pdf,3,Copper,,,,"...ty Point Indian Knoll Riverton culture sites Plummets 2,790 0 0 Projectile points 11,714 8,714 261 Stone beads 1,214 88 51 Microliths ca. 30,000 0 23 Copper objects 155 5 ca. 4 Stone gorgets 546 3 0 Pendants 296 3 6 Celts/adzes/axes 445 187 1 Hammerstones 348 665 10 Banner/boat stones 67 43 0 Galena objec..."
Hays-2018-FeastingatPovertyPointwithPovertyPointObjects.pdf,3,Steatite,,,,"...ants 296 3 6 Celts/adzes/axes 445 187 1 Hammerstones 348 665 10 Banner/boat stones 67 43 0 Galena objects 702 0 0 Clay ﬁgurines 133 0 0 Pipes 50+ 0 1 Steatite objects 2,221 0 0 Note: Sources for information are Webb (1974, 1982) and Winters (1969). Figure 2. Example of a large concentration of PPOs at Pover..."
Hays-2018-FeastingatPovertyPointwithPovertyPointObjects.pdf,3,Galena,,,,"...0 23 Copper objects 155 5 ca. 4 Stone gorgets 546 3 0 Pendants 296 3 6 Celts/adzes/axes 445 187 1 Hammerstones 348 665 10 Banner/boat stones 67 43 0 Galena objects 702 0 0 Clay ﬁgurines 133 0 0 Pipes 50+ 0 1 Steatite objects 2,221 0 0 Note: Sources for information are Webb (1974, 1982) and Winters (1969)..."
Hays-2018-FeastingatPovertyPointwithPovertyPointObjects.pdf,7,soapstone,,,,"...de range of “nonutilitarian” artifacts that could have been used in ritualized feasting ceremonies, e.g., the pipes, the lapidary items, possibly the soapstone bowls, and more. These items fulﬁll several of Hayden’s key archaeological signatures of feasting (Table 2). Five of Hayden’s feasting signatures tha..."
Hays-2018-FeastingatPovertyPointwithPovertyPointObjects.pdf,7,steatite,,,,"...Hayden’s feasting signatures that pertain to craft pro- duction are present at Poverty Point: (1) unusual prep- aration and (2) serving vessels (the steatite vessels and the spiculate pottery [Hays and Weinstein 2004]); (3) prestige items; (4) ritualized paraphernalia for public rituals (the ﬁgurines, bead..."
Hays-2018-FeastingatPovertyPointwithPovertyPointObjects.pdf,8,soapstone,,,,...d of cooking in containers. The perforated objects in South Carolina and along the Gulf Coast could have functioned in a manner similar to perforated soapstone Table 2. Hayden’s archaeological signatures for feasting and their presence at Poverty Point. Items Archaeological signatures Examples at Poverty Poi...
Hays-2018-FeastingatPovertyPointwithPovertyPointObjects.pdf,8,soapstone,,,,"...l types, sizes, and numbers (perhaps the initial appearance of cooking pots) Exotic pottery (e.g., spiculate pottery) and exotic stone vessels (e.g., soapstone) Serving vessels Unusual quantity or materials (ﬁrst occurrence of pottery, stone bowls) Exotic pottery (e.g., spiculate pottery) and exotic stone ve..."
Hays-2018-FeastingatPovertyPointwithPovertyPointObjects.pdf,8,soapstone,,,,"...sels Unusual quantity or materials (ﬁrst occurrence of pottery, stone bowls) Exotic pottery (e.g., spiculate pottery) and exotic stone vessels (e.g., soapstone) Food preparation facilities Unusual size, number, and location of roasting pits Numerous hearths and pits and ca. 15 million PPOs Special food- disp..."
Hays-2018-FeastingatPovertyPointwithPovertyPointObjects.pdf,9,steatite,,,,"...nsive series of experiments, McGee (1995:114) concluded that simple spherical baked-clay objects are “equal or superior to all stone (except possibly steatite or soap- stone) in stone boiling.” Interestingly, there is evidence from Poverty Point culture pit features that support the idea that PPOs were used..."
Hays-2018-FeastingatPovertyPointwithPovertyPointObjects.pdf,12,soapstone,,,,"...Poverty Point feasts the dis- play and use of ritual paraphernalia (e.g., pipes, ﬁgur- ines) and the use of specialized serving vessels (e.g., exotic soapstone and spiculate-tempered bowls) would almost certainly have increased their value in the culture. Their high value within the Poverty Point culture is..."
Jackson-1981-PovertyPointSettlementSystems.pdf,9,galena,,,,...red is quite small. Raw materials are similar to those considered to derive from nonlocal sources. Included among recovered lithics is one cube of galena. Galena such as that collected at the Copes site apparently was mined from deposits in southeastern Missouri (Walthall et al. 1982). There were 14...
Jackson-1981-PovertyPointSettlementSystems.pdf,9,Galena,,,,...uite small. Raw materials are similar to those considered to derive from nonlocal sources. Included among recovered lithics is one cube of galena. Galena such as that collected at the Copes site apparently was mined from deposits in southeastern Missouri (Walthall et al. 1982). There were 142 bones...
Jackson-1981-PovertyPointSettlementSystems.pdf,10,Galena,,,,...TABLE 1 J.W. Capes Silo: Artllact Invanlory Proi. Pt. Fras ~ e t d . Pieces - Cores Flakes Blocks Nodule Sandstone Galena Poverty Point objects Biconical-Wl Biconical-F3 Melon-shaped-W Melon-shaped-F Melon wlcross- grooves-W Melon wlcross- g r w v e r F Cyli...
Jackson-1981-PovertyPointSettlementSystems.pdf,15,Galena,,,,"...1978 The peripheries of Poverty Point. New World Research Report of Investigations 12. I Walthall, J.A., C.H. Webb, S.H. Stow, and S. Goad 1982 Galena analysis and Poverty Point trade. Mid- 1 continental Journal of Archaeology 71 1) : 133-148. Webb, Clarence H. 1968 The extent and content of Pov..."
"Sassaman - 2005 - Poverty Point as Structure, Event, Process.pdf",10,Soapstone,,,,...344 Sassaman N Mound A Mound B Mound E Mound C Soapstone Cache 400 m Caney Principal Triangle to Lower Jackson Mound to Motley Mound Poverty Point Core Fig. 2. Plan map of Poverty Point enclosure and associ...
"Sassaman - 2005 - Poverty Point as Structure, Event, Process.pdf",12,soapstone,,,,"...a variety of projectile points, microlithic perforators, plummets, gorgets, celts, hoes, stone beads and pendants, baked-clay objects, clay ﬁgurines, soapstone vessels, and a variety of pottery wares. Some of these traits have parallels elsewhere in the Archaic Southeast, making it difﬁcult to draw tight bou..."
"Sassaman - 2005 - Poverty Point as Structure, Event, Process.pdf",19,soapstone,,,,"...rough small-scale population movements and alliance formation. The best examples are communities of the South Atlantic Slope who extracted and shaped soapstone for their own culinary needs. Among the more commonly made cooking tools were soapstone vessels, an item of voluminous importation into the Poverty P..."
"Sassaman - 2005 - Poverty Point as Structure, Event, Process.pdf",19,soapstone,,,,"...munities of the South Atlantic Slope who extracted and shaped soapstone for their own culinary needs. Among the more commonly made cooking tools were soapstone vessels, an item of voluminous importation into the Poverty Point region. Soapstone used to make the vessels of Poverty Point came primarily from the..."
"Sassaman - 2005 - Poverty Point as Structure, Event, Process.pdf",19,Soapstone,,,,"...n culinary needs. Among the more commonly made cooking tools were soapstone vessels, an item of voluminous importation into the Poverty Point region. Soapstone used to make the vessels of Poverty Point came primarily from the southern Piedmont of west Georgia and east Alabama, over 600 km away. The direct ro..."
"Sassaman - 2005 - Poverty Point as Structure, Event, Process.pdf",19,soapstone,,,,"...e the vessels of Poverty Point came primarily from the southern Piedmont of west Georgia and east Alabama, over 600 km away. The direct route between soapstone sources and Poverty Point was not used, or, if it was, it did not result in archaeologically measurable traces. Rather, a more circuitous route devel..."
"Sassaman - 2005 - Poverty Point as Structure, Event, Process.pdf",19,soapstone,,,,"...id not result in archaeologically measurable traces. Rather, a more circuitous route developed through particular historical circumstances to deliver soapstone via the Gulf coast and Mississippi River. Soapstone was used in cooking technology (as stones for indirect-heat cook- ing) for millennia in the Savan..."
"Sassaman - 2005 - Poverty Point as Structure, Event, Process.pdf",19,Soapstone,,,,"...Rather, a more circuitous route developed through particular historical circumstances to deliver soapstone via the Gulf coast and Mississippi River. Soapstone was used in cooking technology (as stones for indirect-heat cook- ing) for millennia in the Savannah River valley of Georgia, even after the inceptio..."
"Sassaman - 2005 - Poverty Point as Structure, Event, Process.pdf",19,soapstone,,,,"...ottery-making peoples and soap- stone users of the Piedmont, an enclave of the latter relocated westward in close proximity to the largest sources of soapstone in the Southeast. At about 2200 cal. B.C., they began to make the ﬁrst soapstone vessels in west Georgia and some of these products made their way do..."
"Sassaman - 2005 - Poverty Point as Structure, Event, Process.pdf",19,soapstone,,,,"...tter relocated westward in close proximity to the largest sources of soapstone in the Southeast. At about 2200 cal. B.C., they began to make the ﬁrst soapstone vessels in west Georgia and some of these products made their way down the Chattahoochee and/or Flint River sys- tem to the Gulf Coast. The desire to..."
"Sassaman - 2005 - Poverty Point as Structure, Event, Process.pdf",19,soapstone,,,,"...lint River sys- tem to the Gulf Coast. The desire to establish new alliances after relocating may have prompted this “traditional” action; trading in soapstone was, after all, in the history of alliance-making with people downriver, and the new form (i.e., vessels) was no doubt inspired by prior interactions..."
"Sassaman - 2005 - Poverty Point as Structure, Event, Process.pdf",20,copper,,,,"...oapstone vessels (Bruseth, 1991, pp. 17–18). These were placed in sterile sand near the midpoint of the crescent. Accompany- ing the vessels were two copper sheet bracelets, a copper pendant, and a piece of galena, all evidence of connections far up the Mississippi River, well past Poverty Point. A low co..."
"Sassaman - 2005 - Poverty Point as Structure, Event, Process.pdf",20,copper,,,,"...1991, pp. 17–18). These were placed in sterile sand near the midpoint of the crescent. Accompany- ing the vessels were two copper sheet bracelets, a copper pendant, and a piece of galena, all evidence of connections far up the Mississippi River, well past Poverty Point. A low conical mound about 23 m in..."
"Sassaman - 2005 - Poverty Point as Structure, Event, Process.pdf",20,soapstone,,,,"...octawhatchee Bay received soap- stone vessels at about this time or shortly thereafter, as did the denizens of Claiborne. The latter’s involvement in soapstone vessel acquisition was great enough to suggest it developed as a gateway for soapstone up the Mississippi River to Poverty Point. Of particular note..."
"Sassaman - 2005 - Poverty Point as Structure, Event, Process.pdf",20,soapstone,,,,...as did the denizens of Claiborne. The latter’s involvement in soapstone vessel acquisition was great enough to suggest it developed as a gateway for soapstone up the Mississippi River to Poverty Point. Of particular note at this 250-m-wide crescent-shaped shell midden is a cache of 12 whole soapstone vessel...
"Sassaman - 2005 - Poverty Point as Structure, Event, Process.pdf",20,soapstone,,,,"...ay for soapstone up the Mississippi River to Poverty Point. Of particular note at this 250-m-wide crescent-shaped shell midden is a cache of 12 whole soapstone vessels (Bruseth, 1991, pp. 17–18). These were placed in sterile sand near the midpoint of the crescent. Accompany- ing the vessels were two copper s..."
"Sassaman - 2005 - Poverty Point as Structure, Event, Process.pdf",20,soapstone,,,,"...he crescent-shaped midden symmetrically. The role of Claiborne residents in the development of Poverty Point most likely extended beyond suppliers of soapstone. As Clark (2004) notes, the dimen- sions of Claiborne conform to the Archaic measurement system, and the position of its soapstone cache anticipates..."
"Sassaman - 2005 - Poverty Point as Structure, Event, Process.pdf",20,soapstone,,,,"...eyond suppliers of soapstone. As Clark (2004) notes, the dimen- sions of Claiborne conform to the Archaic measurement system, and the position of its soapstone cache anticipates a similar, albeit much larger cache of soapstone vessel sherds at Poverty Point (Webb, 1944). Claiborne is, in some respects, a one..."
"Sassaman - 2005 - Poverty Point as Structure, Event, Process.pdf",20,soapstone,,,,"...ns of Claiborne conform to the Archaic measurement system, and the position of its soapstone cache anticipates a similar, albeit much larger cache of soapstone vessel sherds at Poverty Point (Webb, 1944). Claiborne is, in some respects, a one-sixth model of Poverty Point in reverse. Shown in Fig. 7 is the su..."
"Sassaman - 2005 - Poverty Point as Structure, Event, Process.pdf",20,soapstone,,,,"...of Poverty Point in reverse. Shown in Fig. 7 is the superposition of Claiborne six times actual scale over Poverty Point, showing the location of the soapstone cache, the low mound to its east, and the 2× Caney Primary Triangle as applied by Clark (2004). The two plans are georeferenced to the centers of the..."
"Sassaman - 2005 - Poverty Point as Structure, Event, Process.pdf",20,galena,,,,"...laced in sterile sand near the midpoint of the crescent. Accompany- ing the vessels were two copper sheet bracelets, a copper pendant, and a piece of galena, all evidence of connections far up the Mississippi River, well past Poverty Point. A low conical mound about 23 m in diameter was located 170 m east..."
"Sassaman - 2005 - Poverty Point as Structure, Event, Process.pdf",21,copper,,,,"...nt exchange sphere, and, as in the case of soapstone, changing alliances may have redirected ﬂows of material such as northern gray chert, galena, or copper, that quickly became items of value to the residents of Poverty Point. POVERTY POINT PERSONHOOD Let us now consider ﬁnally how the particular conﬁgur..."
"Sassaman - 2005 - Poverty Point as Structure, Event, Process.pdf",21,soapstone,,,,"...ﬁt between Poverty Point and Claiborne is not likely coin- cidental. Besides their geometric conformity, the line of sight between the low mound and soapstone cache at Claiborne is nearly conformant to the reciprocal line connecting Mound A to the central plaza at Poverty Point. What is more, the cache is p..."
"Sassaman - 2005 - Poverty Point as Structure, Event, Process.pdf",21,Soapstone,,,,"...d A to the central plaza at Poverty Point. What is more, the cache is positioned equidistant between Mound A and the low, conical mound at Claiborne. Soapstone vessels and many of the other classic Poverty Point items made from nonlocal materials predated the construction of the enclosure at Poverty Point. T..."
"Sassaman - 2005 - Poverty Point as Structure, Event, Process.pdf",21,soapstone,,,,"...from nonlocal materials predated the construction of the enclosure at Poverty Point. The timing of Claiborne is a bit uncertain, but the inception of soapstone commerce along the Gulf coast is no later than 1800 cal B.C. Given the structural parallels between Claiborne and Poverty Point, it stands to reason..."
"Sassaman - 2005 - Poverty Point as Structure, Event, Process.pdf",21,soapstone,,,,"...(Russo and Heide, 2001). Thus, by way of a coastal tradition many centuries in the making, residents of Claiborne delivered to Poverty Point not only soapstone, but also the idea of arcuate compounds, residence on ridges, and mounds placed to the backside of the arc. Stemming ultimately from ancient practice..."
"Sassaman - 2005 - Poverty Point as Structure, Event, Process.pdf",21,soapstone,,,,"...realignments like those of the middle Savannah region were rife in the northern reaches of the Poverty Point exchange sphere, and, as in the case of soapstone, changing alliances may have redirected ﬂows of material such as northern gray chert, galena, or copper, that quickly became items of value to the re..."
"Sassaman - 2005 - Poverty Point as Structure, Event, Process.pdf",21,galena,,,,"...Poverty Point exchange sphere, and, as in the case of soapstone, changing alliances may have redirected ﬂows of material such as northern gray chert, galena, or copper, that quickly became items of value to the residents of Poverty Point. POVERTY POINT PERSONHOOD Let us now consider ﬁnally how the particu..."
"Sassaman - 2005 - Poverty Point as Structure, Event, Process.pdf",22,Soapstone,,,,"...ses when supplies of novaculite and other closer sources of toolstone were available and, indeed, were used for millennia before Poverty Point times. Soapstone vessels were likewise extraneous. Once thought to be the solution to cooking for a pottery-less people, soapstone vessels actually postdated the intr..."
"Sassaman - 2005 - Poverty Point as Structure, Event, Process.pdf",22,soapstone,,,,"...llennia before Poverty Point times. Soapstone vessels were likewise extraneous. Once thought to be the solution to cooking for a pottery-less people, soapstone vessels actually postdated the introduction of pottery to Poverty Point (Gibson, 1996b; Gibson and Melancon, 2004). How nonlocal materials were deliv..."
"Sassaman - 2005 - Poverty Point as Structure, Event, Process.pdf",23,soapstone,,,,"...turies were requisite to Poverty Point’s emergence as a new social order because they entailed signiﬁcant realignments. That is, as in the example of soapstone trade discussed earlier, the breakdown of earlier alliances east of the Mississippi led to or was caused by multiple, relatively small-scale populati..."
Webb - 1968 - The Extent and Content of Poverty Point Culture.pdf,3,steatite,,,,"...ecently excavated (Gary Kraus, personal communication, 1967). The lowest 6 in. of the 21/2-ft. midden had stone tools, animal bones and bone awls, steatite vessel fragments, hema- tite plummets, a red jasper bead, and gorget frag- ments. Above this level, baked clay balls in quantity accompanied fiber..."
Webb - 1968 - The Extent and Content of Poverty Point Culture.pdf,3,steatite,,,,"...ped or pierced and grooved, and differing from the forms of Poverty Point objects, appeared in these sites. Ground and polished artifacts include steatite vessels, celts, plummets, gorgets, and occasional red jasper beads. The Amite River phase, upland from the former coast, is repre- sented by small..."
Webb - 1968 - The Extent and Content of Poverty Point Culture.pdf,6,steatite,,,,"...e unaltered local quartzite cobbles; hematite plummets are rare (three sites only), but grooved quartzite and sandstone plummets are frequent; and steatite and sandstone vessels are missing. These sites have thousands of firecracked stone fragments, but only four have Poverty Point clay objects: Russ..."
Webb - 1968 - The Extent and Content of Poverty Point Culture.pdf,6,steatite,,,,"...ary clay balls of all the major types found at Poverty Point except cylindrical grooved. Typical projectile points and chipped flint tools, celts, steatite vessel fragments, slate and limonite ornaments and gorgets, hematite and magnetite plummets, lamellar blades, and a few clay-tempered pottery sher..."
Webb - 1968 - The Extent and Content of Poverty Point Culture.pdf,6,galena,,,,"...gorgets. A well-developed lapidary industry at the Cad and Joseph's Island sites features stone beads of quartzites, clay- stone, red jasper, and galena, in all stages of manufacture, and sandstone and quartzite saws. Other ornaments and stone problematical ob- jects include polished pendants, claw..."
Webb - 1968 - The Extent and Content of Poverty Point Culture.pdf,6,quartz crystal,,,,"...e polished pendants, claw effigy pen- dants, geniculates (locally called ""Figure-7""), chipped or polished bird and deer mandible effigies, grooved quartz crystals, and faceted stones. Differences from the Poverty Point complex are noted: gouges are more frequent in com- parison with adzes; pitted stones, m..."
Webb - 1968 - The Extent and Content of Poverty Point Culture.pdf,7,steatite,,,,"...and southern Arkansas (Fig. 1). A site, destroyed some years ago, in the Monroe city limits, Oua- chita Parish, Louisiana, is alleged to have had steatite vessel fragments and Archaic lithic items in addition to the clay balls previously reported (Ford, Phillips, and Haag 1955). West of the Ouachita..."
Webb - 1968 - The Extent and Content of Poverty Point Culture.pdf,7,steatite,,,,"...mellar flakes, a limo- nite gorget, and eight amorphous clay balls. None of the typical Poverty Point clay ball types has been found, nor have any steatite sherds, pottery sherds, beads or pendants, pipe frag- ments, or greenstone celts been recovered. Pre- sumably this is a late Archaic site, near Po..."
Webb - 1968 - The Extent and Content of Poverty Point Culture.pdf,7,steatite,,,,"...pes; consistent chipped stone assemblage represented by several hundred projectile points, knives, choppers, adzes, bifaces, scrapers, and drills; steatite sherds, hematite and magnetite plummets, rough green- stone celts or hoes, slate and limonite gorget fragments, quartz, a red jasper bead, and lam..."
Webb - 1968 - The Extent and Content of Poverty Point Culture.pdf,8,steatite,,,,"...uble- bitted chipped axes. These might have derived from the Archaic or Fourche Maline horizons in eastern Oklahoma. No Poverty Point clay balls, steatite or sandstone vessel fragments, lamellar microflints, or greenstone celts have been found, and there are no fiber- or sand- tempered pottery sherds..."
Webb - 1968 - The Extent and Content of Poverty Point Culture.pdf,8,steatite,,,,"...rimary diagnostic traits are tubular pipes of clay or stone, clay figurines of Poverty Point type (so far confined to the type-site), fragments of steatite or sand- stone vessels, hematite plummets (especially if perforated), microflints such as lamellar blades or Jaketown perforators, rough greenston..."
Webb - 1968 - The Extent and Content of Poverty Point Culture.pdf,8,quartz crystal,,,,"...celts, flat and hol- lowed boatstones, gorget fragments of slate, clay- stone, and limonite, a bannerstone fragment, perforated hematite plummets, quartz crystals, and the zoomorphic bead. Unusual objects for the Archaic in the Red River area are sandstone pebble sinkers, notched at each end, and double- b..."
Webb - 1968 - The Extent and Content of Poverty Point Culture.pdf,9,galena,,,,"...equent at Pov- erty Point sites but not significantly diagnostic because of their presence in other complexes, older or more recent. These include galena or quartz, plummets other than hematite or mag- netite, food-preparing equipment like manos, mortars, and pitted stones, ground stone celts, and..."
Webb - 1968 - The Extent and Content of Poverty Point Culture.pdf,12,galena,,,,"...e inventory of the Hale brothers' collection, made by J. K. Long, III, lists banner- stones, tubular stone pipes, grooved plummets of hematite and galena, a galena hemisphere, grooved axes, chipped and ground celts, cylin- drical manos, bell-shaped pestles, notched net sinkers, pendants of cannel co..."
Webb - 1968 - The Extent and Content of Poverty Point Culture.pdf,12,galena,,,,"...y of the Hale brothers' collection, made by J. K. Long, III, lists banner- stones, tubular stone pipes, grooved plummets of hematite and galena, a galena hemisphere, grooved axes, chipped and ground celts, cylin- drical manos, bell-shaped pestles, notched net sinkers, pendants of cannel coal, one sl..."
Webb - 1968 - The Extent and Content of Poverty Point Culture.pdf,13,Steatite,,,,"...f stone vessels or pottery have not been asso- ciated with the baking pits nor with a large fire hearth, 41/2 ft. in diameter, found by Alexander. Steatite, sandstone, and pottery vessel sherds of early types (fiber- or sand-tempered) are present at a number (Table 2) of the known Poverty Point sites,..."
Webb - 1968 - The Extent and Content of Poverty Point Culture.pdf,17,galena,,,,"...studied collections. Most were made of hematite and magnetite, in the ratio of 80:20 per cent, respectively, but some are of limonite, sandstone, galena, clay, stea- tite, quartzites, and other stones. The variety of shapes does not differ from those indi- cated in previous reports (Ford, Phillips,..."
Webb - 1968 - The Extent and Content of Poverty Point Culture.pdf,18,steatite,,,,"...rpentine) at La Venta (Drucker 1952; Drucker, Heizer, and Squier 1959). Stone tubes, solid stone cylinders, plain and decorated (incised, excised) steatite and clay- stone pipes, and stone cones are other polished stone forms at Poverty Point. The cones are solid or hollowed-out (Fig. 4g), a discovery..."
Webb - 1968 - The Extent and Content of Poverty Point Culture.pdf,18,galena,,,,"...ahoma. Pho- tography courtesy of Gregory Perino; designs, except on d, are outlined with white ink. tangles, and cones of hematite, magnetite, and galena are present. One hundred and thirty- four of the plummets are decorated, some with multiple grooves, others with an expanded collar below the perf..."
Webb - 1968 - The Extent and Content of Poverty Point Culture.pdf,19,steatite,,,,"...w-end tablets; h, i, rectangular tablet and bar weight. j-u, gorgets; j, two-hole gorget of jasper, possible zoomorphic shape; k, three-hole gorget, steatite; 1, plano-ridged gorget, limonite; m, slate goret frag- ments, showing repair holes; n, plano-convex decorated gorget, limonite; o-t, longitudinal p..."
Webb - 1968 - The Extent and Content of Poverty Point Culture.pdf,20,steatite,,,,"...l, ovoid with transversely perforated stem (Fig. 700); a turtle form (Fig. 7cc); elongate grooved quartz crystals (Fig. 711; elongate per- forated steatite (Fig. 7qq); and miniature plum- met (Fig. 7mm), bannerstone, and narrow-end tablet forms. One grooved object, bifid at the small end, has a patter..."
Webb - 1968 - The Extent and Content of Poverty Point Culture.pdf,20,galena,,,,"...kmanship, and the use of exotic materials (such as red jasper, red and green talc, banded slate, quartz, quartzite, hematite, magnetite, limonite, galena, feldspar, amethyst, yellow, green, and purple fluorite; two beads tentatively identified as of obsidian, and a number of uni- dentified transluce..."
Webb - 1968 - The Extent and Content of Poverty Point Culture.pdf,20,galena,,,,"...polished objects include Y- shaped (Fig. 7bb), claw- or rattle-shaped (Fig. 7dd-gg), and geniculate (Fig. 7aa); buttons of jasper, brownstone, or galena with hidden per- forations (Fig. 7hh); spade-shaped (Fig. 7ii, jj), anchor-shaped (Fig. 7nn), heart-shaped (Fig. 7kk), butterfly-shaped, rectangul..."
Webb - 1968 - The Extent and Content of Poverty Point Culture.pdf,20,quartz crystal,,,,"...), butterfly-shaped, rectangular, triangular, oval, ovoid with transversely perforated stem (Fig. 700); a turtle form (Fig. 7cc); elongate grooved quartz crystals (Fig. 711; elongate per- forated steatite (Fig. 7qq); and miniature plum- met (Fig. 7mm), bannerstone, and narrow-end tablet forms. One grooved o..."
Webb - 1968 - The Extent and Content of Poverty Point Culture.pdf,21,copper,,,,"...ed sites. a-i, r-w, beads: a, long tubular; b, short tubular; c, barrel-shaped; d, hour-glass; e, globular; f, crinoid stem; g, flat disc; h, rolled copper; i, solid copper; r, stylized bird bead of red jasper, Poverty Point; s, similar jasper bird bead, Monte Sano mound; t, t', locust bead, quartz or..."
Webb - 1968 - The Extent and Content of Poverty Point Culture.pdf,21,copper,,,,"...w, beads: a, long tubular; b, short tubular; c, barrel-shaped; d, hour-glass; e, globular; f, crinoid stem; g, flat disc; h, rolled copper; i, solid copper; r, stylized bird bead of red jasper, Poverty Point; s, similar jasper bird bead, Monte Sano mound; t, t', locust bead, quartz or fluorite, Ford si..."
Webb - 1968 - The Extent and Content of Poverty Point Culture.pdf,22,Copper,,,,"...versely perforated stem, and numerous tiny ""spangles"" with multiple drillings, some of which suggest stylized bird heads (similar to Fig. 7p, q). Copper at Poverty Point had been limited to a laminated fragment and a small plummet (Ford and Webb 1956: 115). In December, 1961, Carl Alexander found s..."
Webb - 1968 - The Extent and Content of Poverty Point Culture.pdf,22,copper,,,,"...erty Point had been limited to a laminated fragment and a small plummet (Ford and Webb 1956: 115). In December, 1961, Carl Alexander found several copper beads washing out of the midden; subsequently, other beads, including 19 beads in a double row suggesting a burial placement, and small copper obj..."
Webb - 1968 - The Extent and Content of Poverty Point Culture.pdf,22,copper,,,,"...ral copper beads washing out of the midden; subsequently, other beads, including 19 beads in a double row suggesting a burial placement, and small copper objects were found in the same place. There is a total of 34 rolled tubular beads (Fig. 7h), 1 solid globular bead, perforated (Fig. 7i), a copper..."
Webb - 1968 - The Extent and Content of Poverty Point Culture.pdf,22,copper,,,,"...copper objects were found in the same place. There is a total of 34 rolled tubular beads (Fig. 7h), 1 solid globular bead, perforated (Fig. 7i), a copper awl or pin, and 15 flat fragments. ANTLER, BONE, AND TOOTH OBJECTS Objects of bone (including human skeletal material), antler, shell, and tooth..."
Webb - 1968 - The Extent and Content of Poverty Point Culture.pdf,22,steatite,,,,"...ii-rr, pendants from Poverty Point: ii, jj, spade- shaped; kk, heart-shaped; II, quartz crystal; mm, hematite miniature plummet; nn, anchor-shaped, steatite; oo, shield- shaped with transversely perforated stem, gray stone; pp, quartz crystal; qq, elongate steatite; rr, large spade-shaped, red jasper. s..."
Webb - 1968 - The Extent and Content of Poverty Point Culture.pdf,22,steatite,,,,"...e miniature plummet; nn, anchor-shaped, steatite; oo, shield- shaped with transversely perforated stem, gray stone; pp, quartz crystal; qq, elongate steatite; rr, large spade-shaped, red jasper. ss, tablet of red jasper with human face, Jaketown site, Humphreys County, Mississippi. k-q, nn, Neild collect..."
Webb - 1968 - The Extent and Content of Poverty Point Culture.pdf,22,galena,,,,"...t, red jasper; bb, Y-shaped or bifid tablet, red jasper; cc, fragment of stone turtle; dd, ee, if, claw-shaped; gg, serpent rattle, green slate; hh, galena bead, hidden perforations. ii-rr, pendants from Poverty Point: ii, jj, spade- shaped; kk, heart-shaped; II, quartz crystal; mm, hematite miniature p..."
Webb - 1968 - The Extent and Content of Poverty Point Culture.pdf,22,quartz crystal,,,,"...serpent rattle, green slate; hh, galena bead, hidden perforations. ii-rr, pendants from Poverty Point: ii, jj, spade- shaped; kk, heart-shaped; II, quartz crystal; mm, hematite miniature plummet; nn, anchor-shaped, steatite; oo, shield- shaped with transversely perforated stem, gray stone; pp, quartz crystal;..."
Webb - 1968 - The Extent and Content of Poverty Point Culture.pdf,22,quartz crystal,,,,"..., quartz crystal; mm, hematite miniature plummet; nn, anchor-shaped, steatite; oo, shield- shaped with transversely perforated stem, gray stone; pp, quartz crystal; qq, elongate steatite; rr, large spade-shaped, red jasper. ss, tablet of red jasper with human face, Jaketown site, Humphreys County, Mississippi...."
Webb - 1968 - The Extent and Content of Poverty Point Culture.pdf,24,steatite,,,,"...ates establish grit-tempered, rocker-stamped pottery on the Alabama Gulf coast by 1100 B.C. Along with these early wares, the simultaneous use of steatite or sandstone vessels was prevalent, and, along the coast, clay-ball cooking occurred. The origins of clay-tempered pottery are also uncertain, but..."
Webb-1956-Poverty Point a late archaic-… papers of the American Museum of Natural …-1.pdf,11,Copper,,,,".... .. . . . . . . . . . . . Angular Spalls and Scrap . . . . . . . . ... Projectile and Knife Points. Blanks and Rejects, Rough Irregular . Pigments. Copper. Samples for Pollen Analysis. DATING OF THE POVERTY POINT COMPLEX AND LATER MISSISSIPPI. Relative Cultural Dating. Geological Dating ... . ............."
Webb-1956-Poverty Point a late archaic-… papers of the American Museum of Natural …-1.pdf,11,Steatite,,,,...Tubes Tubular Pipes . Miscellaneous Fragments of Stone. Fragments ofGalena. Quartz Crystals. Fragments of Red Ocher. Cane Cores. Containers Pottery. Steatite Vessels Sandstone Vessel Fragments. Carrying Baskets . Analysis and Distribution of Artifacts in Cut 4 Unworked Pebbles. Unmodified Blades and Relate...
Webb-1956-Poverty Point a late archaic-… papers of the American Museum of Natural …-1.pdf,11,Galena,,,,".... Rectangular Tablets with Narrow Ends. Stone Beads, Buttons, Small Pendants, and Tubes Tubular Pipes . Miscellaneous Fragments of Stone. Fragments ofGalena. Quartz Crystals. Fragments of Red Ocher. Cane Cores. Containers Pottery. Steatite Vessels Sandstone Vessel Fragments. Carrying Baskets . Analysis an..."
Webb-1956-Poverty Point a late archaic-… papers of the American Museum of Natural …-1.pdf,11,Quartz Crystal,,,,"...gular Tablets with Narrow Ends. Stone Beads, Buttons, Small Pendants, and Tubes Tubular Pipes . Miscellaneous Fragments of Stone. Fragments ofGalena. Quartz Crystals. Fragments of Red Ocher. Cane Cores. Containers Pottery. Steatite Vessels Sandstone Vessel Fragments. Carrying Baskets . Analysis and Distribution o..."
Webb-1956-Poverty Point a late archaic-… papers of the American Museum of Natural …-1.pdf,13,soapstone,,,,.... . . . . . . . . . . . . . . 103 39. Fiber-tempered potsherds . . . . . . . . . . . . . . . . . . . . . . . . . . . 105 40. Profiles of fragments of soapstone vessels . . . . . . . . . . . . . . . . . . . . 107 41. Steatite vessels and a large fragment with an animal figure carved in relief . . . . . . 108...
Webb-1956-Poverty Point a late archaic-… papers of the American Museum of Natural …-1.pdf,13,Steatite,,,,.... . . . . . . . . . . . . . . . . . . . . . . . . 105 40. Profiles of fragments of soapstone vessels . . . . . . . . . . . . . . . . . . . . 107 41. Steatite vessels and a large fragment with an animal figure carved in relief . . . . . . 108 42. Stone vessels . . . . . . . . . . . . . . . . . . . . . . . ....
Webb-1956-Poverty Point a late archaic-… papers of the American Museum of Natural …-1.pdf,20,soapstone,,,,"...s from these fields. There is also a scattering of arti- facts west of the large mound, and it was in this area that Webb2 uncovered a large cache of soapstone vessel fragments. The central por- tion of the octagon exhibits a paucity of arti- facts, except along the slopes of the innermost ridges. The ridges..."
Webb-1956-Poverty Point a late archaic-… papers of the American Museum of Natural …-1.pdf,32,copper,,,,"...truck, blades, and used blades. The quantities recovered are too small for quantitative analy- S1S. Quimby's most remarkable discovery was a piece of copper. This was found by a workman as the floor of the 6-to-12-inch level of Cut 6 was being cleaned so that it might be examined for disturbances. This fr..."
Webb-1956-Poverty Point a late archaic-… papers of the American Museum of Natural …-1.pdf,32,copper,,,,"...of the 6-to-12-inch level of Cut 6 was being cleaned so that it might be examined for disturbances. This fragment was thin, made of several sheets of copper laminated, and was roughly pear-shaped in outline, 2 cm. wide and 3.5 cm. long. Apparently it is a fragment rather than a complete ornament. CUT 7 In..."
Webb-1956-Poverty Point a late archaic-… papers of the American Museum of Natural …-1.pdf,37,steatite,,,,"...ter- pretation may be reenforced by other evidence that these people were interested in birds-for example, the bird carved in relief on a fragment of steatite vessel (Fig. 42a) and the carved bird beads. This interest in bird forms provides another possible link with the Hopewell Culture, for those people w..."
Webb-1956-Poverty Point a late archaic-… papers of the American Museum of Natural …-1.pdf,55,quartz crystal,,,,"...ecognizable material, novaculite, was imported for the manufacture of projectile points by the Poverty Point people. This stone, composed of cemented quartz crystals, is avail- able in northern Arkansas. At present novacu- lite is quarried to make whetstones. However, the Indians used it for the manufacture of ch..."
Webb-1956-Poverty Point a late archaic-… papers of the American Museum of Natural …-1.pdf,78,"quartz
crystal",,,,"...d projectile end- scrapers, flake scrapers, expanded base and rectangular base drills, manos, rough choppers, pitted hammerstones, rectangular celts, quartz crystals, and one graver. The Mooringsport Site, located on'a trib- utary stream to Caddo Lake, CaddolParish, Louisiana, is a village covering 2 to 3 acres...."
Webb-1956-Poverty Point a late archaic-… papers of the American Museum of Natural …-1.pdf,87,Copper,,,,"...uced the following comparisons: New York Area Brewerton Focus (Griffin, 1952, Fig. 14s, ""oval chopper"") Upper Great Lakes Area Early Woodland and Old Copper Culture (Griffin, 1952, Fig. 37 W, ""scraper,"" tends towards an elongated oval shape) Montana Area Early Middle Period, Pictograph Cave (Griffin, 1952..."
Webb-1956-Poverty Point a late archaic-… papers of the American Museum of Natural …-1.pdf,99,steatite,,,,"...dely finished oval forms to beautifully polished long teardrops, a few pear-shaped; 162 magnetite or hematite, 1 fluorite, 8 chert, 1 igneous rock, 3 steatite, 1 baked clay; in 16, holes drilled from one side only, remainder drilled from both sides; 5 of mag- netite or hematite and 1 of chert have uncomplet..."
Webb-1956-Poverty Point a late archaic-… papers of the American Museum of Natural …-1.pdf,102,"quartz
crystal",,,,"...very simply with incised zigzags and straight lines (Fig. 35j, k). Conical-shaped, counter-drilled holes placed near each end are characteristic. One quartz crystal fragment has a shallow groove near the end (Fig. 35b), and another, of limonite (Fig. 35h), has neither holes nor grooves. In addition, in 12 of the..."
Webb-1956-Poverty Point a late archaic-… papers of the American Museum of Natural …-1.pdf,104,steatite,,,,"...NATURAL HISTORY Vol. 46 a b 9 h __ _~c- k m n &'\""i1 1, _ 't.k ID __ < q p 5 c m sca le r $ FIG. 36. Pipes and problematical objects. a. Fragment of steatite pipe. b-e. Fragments of pottery pipes. f. Tablet of red, fine-grained stone, possibly catlinite. g. Shaped disc, jasper, with squared edges. h-j. Chi..."
Webb-1956-Poverty Point a late archaic-… papers of the American Museum of Natural …-1.pdf,106,steatite,,,,"...f it marbled with gray (Fig. 37q); five are of a hard black stone, and 11 are of gray or cream-colored stone. Of four circular disc beads, two are of steatite and two of light-colored chert, from 2.4 to 4.3 cm. in diameter and about 6 mm. thick. They are fairly well smoothed and have small drilled perforati..."
Webb-1956-Poverty Point a late archaic-… papers of the American Museum of Natural …-1.pdf,107,steatite,,,,"...of the collections available for study is considered, the number of pipe frag- ments is surprisingly small. No complete ex- amples are included. One steatite pipe, broken longitudinally (Fig. 36a), is 10 cm. long, and tapers from an outside diameter at the mouth 1956 103..."
Webb-1956-Poverty Point a late archaic-… papers of the American Museum of Natural …-1.pdf,108,GALENA,,,,"...harply pointed tool, possibly a piece of flint, was used to incise a groove on each face until the material was thin enough to fracture. FRAGMENTS OF GALENA Figure 34d, e The collections include 14 fragments of galena: 11 were collected on the surface, and one came from the fill of Mound B. Most of them a..."
Webb-1956-Poverty Point a late archaic-… papers of the American Museum of Natural …-1.pdf,108,galena,,,,"...ncise a groove on each face until the material was thin enough to fracture. FRAGMENTS OF GALENA Figure 34d, e The collections include 14 fragments of galena: 11 were collected on the surface, and one came from the fill of Mound B. Most of them are small and have the right-angled frac- ture planes that are..."
Webb-1956-Poverty Point a late archaic-… papers of the American Museum of Natural …-1.pdf,108,lead ore,,,,"...llected on the surface, and one came from the fill of Mound B. Most of them are small and have the right-angled frac- ture planes that are normal for lead ore. How- ever, two from the surface have been rounded and may be fragments of plummets. One large nodule from the surface weighed 7 pounds. Only one spe..."
Webb-1956-Poverty Point a late archaic-… papers of the American Museum of Natural …-1.pdf,108,galena,,,,"...er, two from the surface have been rounded and may be fragments of plummets. One large nodule from the surface weighed 7 pounds. Only one specimen of galena was recovered at the Jaketown Site, but there can be no doubt that this mineral was imported there during the time of the Poverty Point Culture. The..."
Webb-1956-Poverty Point a late archaic-… papers of the American Museum of Natural …-1.pdf,108,QUARTZ CRYSTAL,,,,"...was imported there during the time of the Poverty Point Culture. The lead mines of southern Missouri are generally assumed to be the nearest source. QUARTZ CRYSTALS Figure 34f Four quartz crystals, all from the surface, are included in the collections. Three are rather battered fragments of large crystals, but i..."
Webb-1956-Poverty Point a late archaic-… papers of the American Museum of Natural …-1.pdf,108,quartz crystal,,,,"...ime of the Poverty Point Culture. The lead mines of southern Missouri are generally assumed to be the nearest source. QUARTZ CRYSTALS Figure 34f Four quartz crystals, all from the surface, are included in the collections. Three are rather battered fragments of large crystals, but in each at least one face of the..."
Webb-1956-Poverty Point a late archaic-… papers of the American Museum of Natural …-1.pdf,108,quartz crystal,,,,...he single complete crystal is 35 mm. long. A fragment of a crystal gorget is described in the discussion of gorgets (Fig. 35b). The nearest source of quartz crystals appears to be in Arkansas near Hot Springs. Trade in this material was apparently maintained in the Poverty Point as well as later periods of Indian...
Webb-1956-Poverty Point a late archaic-… papers of the American Museum of Natural …-1.pdf,110,steatite,,,,"...ever, the amount of pottery made was obviously very small. Our total collection of 32 fiber-tempered potsherds may be com- pared with the almost 3000 steatite vessel frag- ments recovered, or the thousands of fired-clay balls that were apparently used for cooking. This fiber-tempered pottery is very similar..."
Webb-1956-Poverty Point a late archaic-… papers of the American Museum of Natural …-1.pdf,110,steatite,,,,"...similar in appearance to that from the Tennessee River Valley. This rare item was possibly imported from that region, together with the more abundant steatite vessels. Neither the clay figurines nor the tubular pipes of fired clay were tempered with vegetable fiber, and it is possible that the use of this m..."
Webb-1956-Poverty Point a late archaic-… papers of the American Museum of Natural …-1.pdf,110,STEATITE,,,,"...those of Wheeler Punctated, formerly Bluff Creek Punctated1 (Fig. 39b). One of these sherds, found in Level 48 to 54 Griffin, 1950, Type 3-1 (6/50). STEATITE VESSELS Fragments of steatite vessels are fairly common on the surface of the Poverty Point Site. In the course of excavation, the American Museum gr..."
Webb-1956-Poverty Point a late archaic-… papers of the American Museum of Natural …-1.pdf,110,steatite,,,,"...ormerly Bluff Creek Punctated1 (Fig. 39b). One of these sherds, found in Level 48 to 54 Griffin, 1950, Type 3-1 (6/50). STEATITE VESSELS Fragments of steatite vessels are fairly common on the surface of the Poverty Point Site. In the course of excavation, the American Museum group recovered 104 pieces. Thes..."
Webb-1956-Poverty Point a late archaic-… papers of the American Museum of Natural …-1.pdf,110,steatite,,,,...roduce several of the illustrations (Figs. 40-42 of the present paper). Fowke' quotes a resident of the Poverty Point plantation as describing a huge steatite vessel which was struck by the plow in 1925. The fragments of this vessel were stated to weigh sixteen pounds. In 1935 this individual took a friend...
Webb-1956-Poverty Point a late archaic-… papers of the American Museum of Natural …-1.pdf,111,soapstone,,,,"...quite smooth on both surfaces, and in some instances the surfaces are well polished. C~~~~~~ a b c d 9 h 1 ~~mm n _ FIG. 40. Profiles of fragments of soapstone vessels. Redrawn from Webb, 1944, Fig. 30. 1956 107..."
Webb-1956-Poverty Point a late archaic-… papers of the American Museum of Natural …-1.pdf,112,Steatite,,,,"...108 ANTHROPOLOGICAL PAPERS AMERICAN MUSEUM OF NATURAL HISTORY Vol. 46 a O 5 10 15 b cm scale 0 5 10 cm scale FIG. 41. Steatite vessels and a large fragment with an animal figure carved in relief. After Webb, 1944, P1. 35 and Fig. 30. One almost complete vessel (Fig. [41a]) is..."
Webb-1956-Poverty Point a late archaic-… papers of the American Museum of Natural …-1.pdf,115,soapstone,,,,"...FORD AND WEBB: POVERTY POINT SANDSTONE VESSEL FRAGMENTS In addition to fragments of soapstone vessels in the collections made by the American Museum party, there were 43 fragments of similar vessels made of ferruginous sandstone. This might ha..."
Webb-1956-Poverty Point a late archaic-… papers of the American Museum of Natural …-1.pdf,115,steatite,,,,"...rom the hills in northeastern Mississippi. All these sherds are small, but so far as can be determined the vessels were very similar to those made of steatite. The interiors of the fragments were usually fairly well smoothed, while the exteriors show gouge marks left by cutting tools. CARRYING BASKETS Baske..."
Webb-1956-Poverty Point a late archaic-… papers of the American Museum of Natural …-1.pdf,119,COPPER,,,,...FORD AND WEBB: POVERTY POINT COPPER The small irregular fragment of laminated copper found by George Quimby in Trench 6 is mentioned above (p. 28). In a recent issue of American Antiqui...
Webb-1956-Poverty Point a late archaic-… papers of the American Museum of Natural …-1.pdf,119,copper,,,,"...FORD AND WEBB: POVERTY POINT COPPER The small irregular fragment of laminated copper found by George Quimby in Trench 6 is mentioned above (p. 28). In a recent issue of American Antiquity, Robert E. Bell announced the discovery of a c..."
Webb-1956-Poverty Point a late archaic-… papers of the American Museum of Natural …-1.pdf,119,copper,,,,"...r found by George Quimby in Trench 6 is mentioned above (p. 28). In a recent issue of American Antiquity, Robert E. Bell announced the discovery of a copper plummet from Poverty Point.' This is in the collection of James Durham of Okla- homa City, Oklahoma, and was collected by F. M. Durham from the surfa..."
Webb-1956-Poverty Point a late archaic-… papers of the American Museum of Natural …-1.pdf,119,"native
copper",,,,"..., and was collected by F. M. Durham from the surface of the southern part of the site. Bell thinks the plummet was probably hammered from a nugget of native copper. The illustrations accompanying the article shows it to be similar in shape to Fig. 33n. This plummet is 48 mm. long and 20 mm. in diameter. It is pe..."
Webb-1956-Poverty Point a late archaic-… papers of the American Museum of Natural …-1.pdf,131,steatite,,,,"...ed for choppers, abraders, and hammerstones; cores were turned so that added flaking platforms or surfaces could be found; broken gorgets and cracked steatite vessels were drilled and patched, and, if too badly broken for repair, fragments were used to make pendants, beads, or plummets; hematite plummets th..."
Webb-1956-Poverty Point a late archaic-… papers of the American Museum of Natural …-1.pdf,131,galena,,,,"...verland from the Arkansas River near Little Rock; in either instance, connecting waterways or portages were necessary. Access to magnetite, hematite, galena, gray-white chert, novaculite, possibly slate and shale, and other minerals from the Ozarks of southern Missouri and northern Arkansas would have bee..."
Webb-1956-Poverty Point a late archaic-… papers of the American Museum of Natural …-1.pdf,132,copper,,,,"...oint Site. Poverty Point is black argillite from the Web- ber's Falls region of eastern Oklahoma, this also lies on the Arkansas River. Lake Superior copper, of which one fragment and one artifact have been found at the site, was 1100 airline miles distant and was probably traded down the Mississippi Rive..."
Webb-1956-Poverty Point a late archaic-… papers of the American Museum of Natural …-1.pdf,132,steatite,,,,"...airline distance from Poverty Point, these re- gions were at least three times this distance by Ohio-Tennessee river travel. Yet enormous weights of steatite were almost certainly secured here, in addition to the probabilities of horneblende and micaceous or chlorite schists for adzes and possibly fluorite..."
Webb-1956-Poverty Point a late archaic-… papers of the American Museum of Natural …-1.pdf,134,copper,,,,"...bular pipes of clay and stone, steatite vessels, two-holed flat gorgets, bar atlatl weights, bannerstones (rare), plummets of hematite and magnetite, copper (two pieces), stone beads, and a sub- stantial proportion of corner-notched projectile points. In addition, some traits appear to derive from the cul..."
Webb-1956-Poverty Point a late archaic-… papers of the American Museum of Natural …-1.pdf,134,steatite,,,,"...its cultural position are: cooking with heated stones (artificial stones of baked clay), crude adzes or hoes, celts, tubular pipes of clay and stone, steatite vessels, two-holed flat gorgets, bar atlatl weights, bannerstones (rare), plummets of hematite and magnetite, copper (two pieces), stone beads, and a..."
Webb-1956-Poverty Point a late archaic-… papers of the American Museum of Natural …-1.pdf,134,soapstone,,,,"...d by stages (though different from the Hopewell or Adena pattern); the representa- tion of birds in effigy mounds (?), on small stone beads, and on a soapstone vessel fragment; the core and blade industry; sandstone saws; and clay figurines. Although these figurines are much simpler than those from Hopewell..."
Webb-1956-Poverty Point a late archaic-… papers of the American Museum of Natural …-1.pdf,136,quartz crystal,,,,"...ustry that was so prominent a feature of the Poverty Point complex is not represented. The variety of chert materials, hematite, magnetite, and large quartz crystals that were imported from the north in Poverty Point times, was no longer used. Projectile points were made of local ma- terial. The Tchefuncte Period..."
Webb-1956-Poverty Point a late archaic-… papers of the American Museum of Natural …-1.pdf,137,copper,,,,"...EIS, DAVID A. 1951. The preceramic horizons of northeastern Oklahoma. Anthrop. Papers Mus. An- throp., Univ. Michigan, no. 6. BELL, ROBERT E. 1956. A copper plummet from Poverty Point, Louisiana. Amer. Antiquity, vol. 22, no. 1, p. 80. COTTER, JOHN L., AND JOHN M. CORBETr 1951. Archeology of the Bynum mou..."
Webb-1956-Poverty Point a late archaic-… papers of the American Museum of Natural …-1.pdf,142,soapstone,,,,"...L PAPERS AMERICAN MUSEUM OF NATURAL HISTORY Vol. 46 b. Surface (20.2-6333) c. Surface (20.2-6334) d. Surface (20.2-6335) 40. Profiles of fragments of soapstone vessels After Webb, C. H., 1944, Fig. 30, 1-15 (W) 41. Steatite vessels and a large fragment with an ani- mal figure carved in relief a-b. After Webb..."
Webb-1956-Poverty Point a late archaic-… papers of the American Museum of Natural …-1.pdf,142,Steatite,,,,"...0.2-6333) c. Surface (20.2-6334) d. Surface (20.2-6335) 40. Profiles of fragments of soapstone vessels After Webb, C. H., 1944, Fig. 30, 1-15 (W) 41. Steatite vessels and a large fragment with an ani- mal figure carved in relief a-b. After Webb, C. H., 1944, Fig. 30, 16-17 (W) c. After Webb, C. H., 1944, P1..."
