source_pdf,page_number,feature,measurement_type,value,unit,context
Ford - 1954 - Additional notes on the Poverty Point Site in Nort.pdf,2,,volume,70,ft³,"...repre- sentation than the sketch map published by Moore but basic measurements are in agreement. The highest part of the mound is between 65 and 70 feet above the surrounding almost flat terrain. In the spring of 1953, the writer sank a 4 inch bore hole 60 feet deep into the mound from its highest..."
Ford - 1954 - Additional notes on the Poverty Point Site in Nort.pdf,2,,volume,60,ft³,"...t part of the mound is between 65 and 70 feet above the surrounding almost flat terrain. In the spring of 1953, the writer sank a 4 inch bore hole 60 feet deep into the mound from its highest point. Varicolored soil, indicative of basket loading, was encountered for the entire depth of the hole. This..."
Ford - 1954 - Additional notes on the Poverty Point Site in Nort.pdf,2,,volume,6,ft³,...the tops of the ridges are indicated by light areas and the swales lying between ridges are darkened. The ridges are rounded elevations from 4 to 6 feet high and the tops of these elevations are approximately 100 feet apart. At the corners of this fragment of an octagonal figure are gaps in the rid...
Ford - 1954 - Additional notes on the Poverty Point Site in Nort.pdf,2,,volume,100,ft³,"...wales lying between ridges are darkened. The ridges are rounded elevations from 4 to 6 feet high and the tops of these elevations are approximately 100 feet apart. At the corners of this fragment of an octagonal figure are gaps in the ridges, gaps which form a sort of aisle leading toward the center of..."
Ford - 1954 - Additional notes on the Poverty Point Site in Nort.pdf,2,,volume,51,ft³,"...ragmentary octagonal figure. Like the Poverty Point mound, it has a high ridge, the crest of which slopes each way from a central eminence that is 51 feet high. The ridge of this mound runs east and west and on the southern side, toward the octagon, there is a wide sloping apron suggestive of the pla..."
Ford - 1954 - Additional notes on the Poverty Point Site in Nort.pdf,2,,volume,70,ft³,"...repre- sentation than the sketch map published by Moore but basic measurements are in agreement. The highest part of the mound is between 65 and 70 feet above the surrounding almost flat terrain. In the spring of 1953, the writer sank a 4 inch bore hole 60 feet deep into the mound from its highest..."
Ford - 1954 - Additional notes on the Poverty Point Site in Nort.pdf,2,,volume,60,ft³,"...t part of the mound is between 65 and 70 feet above the surrounding almost flat terrain. In the spring of 1953, the writer sank a 4 inch bore hole 60 feet deep into the mound from its highest point. Varicolored soil, indicative of basket loading, was encountered for the entire depth of the hole. This..."
Ford - 1954 - Additional notes on the Poverty Point Site in Nort.pdf,2,,volume,6,ft³,...the tops of the ridges are indicated by light areas and the swales lying between ridges are darkened. The ridges are rounded elevations from 4 to 6 feet high and the tops of these elevations are approximately 100 feet apart. At the corners of this fragment of an octagonal figure are gaps in the rid...
Ford - 1954 - Additional notes on the Poverty Point Site in Nort.pdf,2,,volume,100,ft³,"...wales lying between ridges are darkened. The ridges are rounded elevations from 4 to 6 feet high and the tops of these elevations are approximately 100 feet apart. At the corners of this fragment of an octagonal figure are gaps in the ridges, gaps which form a sort of aisle leading toward the center of..."
Ford - 1954 - Additional notes on the Poverty Point Site in Nort.pdf,2,,volume,51,ft³,"...ragmentary octagonal figure. Like the Poverty Point mound, it has a high ridge, the crest of which slopes each way from a central eminence that is 51 feet high. The ridge of this mound runs east and west and on the southern side, toward the octagon, there is a wide sloping apron suggestive of the pla..."
Ford - 1954 - Additional notes on the Poverty Point Site in Nort.pdf,3,,volume,20,ft³,"...note. Briefly, both the large mounds and the ridges forming the fragment of an octagon are on Macon Ridge, a,level surface that is elevated 15 to 20 feet above the Mississippi floodplain to the eastward. Macon Ridge is an outwash fan formed by the Arkansas River in Fisk's stages Al to As. The site h..."
Ford - 1954 - Additional notes on the Poverty Point Site in Nort.pdf,5,,volume,200.2,ft³,...nt Island is usually completely detached from the mainland except during periods of low lake level. The present (1953) level of Great Salt Lake is 4200.2 feet above sea level and Fremont Island is completely surrounded by water. It is possible to walk to the island dry-shod when the lake level stands at 4...
Ford - 1954 - Additional notes on the Poverty Point Site in Nort.pdf,5,,volume,194.5,ft³,"...above sea level and Fremont Island is completely surrounded by water. It is possible to walk to the island dry-shod when the lake level stands at 4194.5 feet or lower; that is, 5.7 feet lower than the present lake level. The most recently recorded low period of the lake was between 1935 and 1940, when t..."
Ford - 1954 - Additional notes on the Poverty Point Site in Nort.pdf,5,,volume,5.7,ft³,"...land is completely surrounded by water. It is possible to walk to the island dry-shod when the lake level stands at 4194.5 feet or lower; that is, 5.7 feet lower than the present lake level. The most recently recorded low period of the lake was between 1935 and 1940, when the lake dropped to an elevat..."
Ford - 1954 - Additional notes on the Poverty Point Site in Nort.pdf,5,,volume,194.8,ft³,"...han the present lake level. The most recently recorded low period of the lake was between 1935 and 1940, when the lake dropped to an elevation of 4194.8 feet above sea level. Other lows were recorded in 1905 when the lake stood at 4196 feet and 1860 when it was at 4199.5 feet above sea level. The site b..."
Ford - 1954 - Additional notes on the Poverty Point Site in Nort.pdf,5,,volume,196,ft³,"...tween 1935 and 1940, when the lake dropped to an elevation of 4194.8 feet above sea level. Other lows were recorded in 1905 when the lake stood at 4196 feet and 1860 when it was at 4199.5 feet above sea level. The site being reported is situated near the southern tip of the island. It lies on the south..."
Ford - 1954 - Additional notes on the Poverty Point Site in Nort.pdf,5,,volume,199.5,ft³,...dropped to an elevation of 4194.8 feet above sea level. Other lows were recorded in 1905 when the lake stood at 4196 feet and 1860 when it was at 4199.5 feet above sea level. The site being reported is situated near the southern tip of the island. It lies on the southern slope of a hill which rises grad...
Ford - 1954 - Additional notes on the Poverty Point Site in Nort.pdf,5,,volume,300,ft³,...eported is situated near the southern tip of the island. It lies on the southern slope of a hill which rises gradually to a height of approximately 300 feet above the present lake. Immediately east of the site there is a steep escarpment which drops off to a narrow beach. Several brackish seep springs a...
Ford - 1954 - Additional notes on the Poverty Point Site in Nort.pdf,5,,volume,000,ft³,"...pment which drops off to a narrow beach. Several brackish seep springs are located along the base of this escarpment. The site is approxi- mately 1000 feet long and 150 feet wide, and extends down the slope of the hill from its crest and along the edge of the escarpment. The cultural materials at the..."
Ford - 1954 - Additional notes on the Poverty Point Site in Nort.pdf,5,,volume,150,ft³,"...off to a narrow beach. Several brackish seep springs are located along the base of this escarpment. The site is approxi- mately 1000 feet long and 150 feet wide, and extends down the slope of the hill from its crest and along the edge of the escarpment. The cultural materials at the Fremont Island is..."
Ford - 1954 - Additional notes on the Poverty Point Site in Nort.pdf,5,,volume,200.2,ft³,...nt Island is usually completely detached from the mainland except during periods of low lake level. The present (1953) level of Great Salt Lake is 4200.2 feet above sea level and Fremont Island is completely surrounded by water. It is possible to walk to the island dry-shod when the lake level stands at 4...
Ford - 1954 - Additional notes on the Poverty Point Site in Nort.pdf,5,,volume,194.5,ft³,"...above sea level and Fremont Island is completely surrounded by water. It is possible to walk to the island dry-shod when the lake level stands at 4194.5 feet or lower; that is, 5.7 feet lower than the present lake level. The most recently recorded low period of the lake was between 1935 and 1940, when t..."
Ford - 1954 - Additional notes on the Poverty Point Site in Nort.pdf,5,,volume,5.7,ft³,"...land is completely surrounded by water. It is possible to walk to the island dry-shod when the lake level stands at 4194.5 feet or lower; that is, 5.7 feet lower than the present lake level. The most recently recorded low period of the lake was between 1935 and 1940, when the lake dropped to an elevat..."
Ford - 1954 - Additional notes on the Poverty Point Site in Nort.pdf,5,,volume,194.8,ft³,"...han the present lake level. The most recently recorded low period of the lake was between 1935 and 1940, when the lake dropped to an elevation of 4194.8 feet above sea level. Other lows were recorded in 1905 when the lake stood at 4196 feet and 1860 when it was at 4199.5 feet above sea level. The site b..."
Ford - 1954 - Additional notes on the Poverty Point Site in Nort.pdf,5,,volume,196,ft³,"...tween 1935 and 1940, when the lake dropped to an elevation of 4194.8 feet above sea level. Other lows were recorded in 1905 when the lake stood at 4196 feet and 1860 when it was at 4199.5 feet above sea level. The site being reported is situated near the southern tip of the island. It lies on the south..."
Ford - 1954 - Additional notes on the Poverty Point Site in Nort.pdf,5,,volume,199.5,ft³,...dropped to an elevation of 4194.8 feet above sea level. Other lows were recorded in 1905 when the lake stood at 4196 feet and 1860 when it was at 4199.5 feet above sea level. The site being reported is situated near the southern tip of the island. It lies on the southern slope of a hill which rises grad...
Ford - 1954 - Additional notes on the Poverty Point Site in Nort.pdf,5,,volume,300,ft³,...eported is situated near the southern tip of the island. It lies on the southern slope of a hill which rises gradually to a height of approximately 300 feet above the present lake. Immediately east of the site there is a steep escarpment which drops off to a narrow beach. Several brackish seep springs a...
Ford - 1954 - Additional notes on the Poverty Point Site in Nort.pdf,5,,volume,000,ft³,"...pment which drops off to a narrow beach. Several brackish seep springs are located along the base of this escarpment. The site is approxi- mately 1000 feet long and 150 feet wide, and extends down the slope of the hill from its crest and along the edge of the escarpment. The cultural materials at the..."
Ford - 1954 - Additional notes on the Poverty Point Site in Nort.pdf,5,,volume,150,ft³,"...off to a narrow beach. Several brackish seep springs are located along the base of this escarpment. The site is approxi- mately 1000 feet long and 150 feet wide, and extends down the slope of the hill from its crest and along the edge of the escarpment. The cultural materials at the FIG. 76. Fremont I..."
Gagliano and Saucier - 1963 - Poverty Point Sites in Southeastern Louisiana.pdf,3,,volume,8,ft³,"...en 1957 and 1960, new highway con- struction and canal excavations uncovered two sites in the Pontchartrain Basin which were bur- ied beneath 6 to 8 feet of marsh and/or swamp deposits. These have been designated as the Bayou Jasmine site and the Linsley site (Fig. 1). An examination of materials ex..."
Gagliano and Saucier - 1963 - Poverty Point Sites in Southeastern Louisiana.pdf,3,,volume,150,ft³,...Fig. 1). An examination of materials exposed on the spoil banks indicated that both sites were small earth and Rangia shell middens not exceeding 150 feet in greatest dimension and 2 to 3 feet in thickness. Auger borings at the two sites re- vealed that they were directly associated with buried distr...
Gagliano and Saucier - 1963 - Poverty Point Sites in Southeastern Louisiana.pdf,3,,volume,3,ft³,...posed on the spoil banks indicated that both sites were small earth and Rangia shell middens not exceeding 150 feet in greatest dimension and 2 to 3 feet in thickness. Auger borings at the two sites re- vealed that they were directly associated with buried distributary natural levees of the initial...
Gagliano and Saucier - 1963 - Poverty Point Sites in Southeastern Louisiana.pdf,3,,volume,12,ft³,"...Mississippi River-Gulf Outlet Channel in early 1960, mid- den debris from the buried Linsley site was brought to the surface from a depth of 8 to 12 feet below mean Gulf level and deposited on spoil banks. Thanks to the large size of the drag- line bucket used in the excavation, it was possi- ble to..."
Gagliano and Saucier - 1963 - Poverty Point Sites in Southeastern Louisiana.pdf,8,,volume,4,ft³,"...of rapid shoreline retreat, this site consists of a heavily wave-washed beach accumulation plus a possibly undisturbed shell deposit lying in 3 to 4 feet of water up to 100C feet from the shore. Historic records pertaining to an old fortification near the site mention the existence of a large conica..."
Gagliano-1963-Poverty Point sites in southeastern-American Antiquity.pdf,3,,volume,8,ft³,"...en 1957 and 1960, new highway con- struction and canal excavations uncovered two sites in the Pontchartrain Basin which were bur- ied beneath 6 to 8 feet of marsh and/or swamp deposits. These have been designated as the Bayou Jasmine site and the Linsley site (Fig. 1). An examination of materials ex..."
Gagliano-1963-Poverty Point sites in southeastern-American Antiquity.pdf,3,,volume,150,ft³,...Fig. 1). An examination of materials exposed on the spoil banks indicated that both sites were small earth and Rangia shell middens not exceeding 150 feet in greatest dimension and 2 to 3 feet in thickness. Auger borings at the two sites re- vealed that they were directly associated with buried distr...
Gagliano-1963-Poverty Point sites in southeastern-American Antiquity.pdf,3,,volume,3,ft³,...posed on the spoil banks indicated that both sites were small earth and Rangia shell middens not exceeding 150 feet in greatest dimension and 2 to 3 feet in thickness. Auger borings at the two sites re- vealed that they were directly associated with buried distributary natural levees of the initial...
Gagliano-1963-Poverty Point sites in southeastern-American Antiquity.pdf,3,,volume,12,ft³,"...Mississippi River-Gulf Outlet Channel in early 1960, mid- den debris from the buried Linsley site was brought to the surface from a depth of 8 to 12 feet below mean Gulf level and deposited on spoil banks. Thanks to the large size of the drag- line bucket used in the excavation, it was possi- ble to..."
Gagliano-1963-Poverty Point sites in southeastern-American Antiquity.pdf,8,,volume,4,ft³,"...of rapid shoreline retreat, this site consists of a heavily wave-washed beach accumulation plus a possibly undisturbed shell deposit lying in 3 to 4 feet of water up to 100C feet from the shore. Historic records pertaining to an old fortification near the site mention the existence of a large conica..."
Kidder - 2002 - Mapping Poverty Point.pdf,3,,volume,21.6,ft³,"...the shape of a rude circle or of an irreg- ular ellipse."" Moore described Mound B (identified in his publication as Mound F) as a symmetrical cone, 21.6 feet high and 195 feet in diameter. He also visited and described Motley Mound, located sev- eral kilometers north of the Poverty Point earthworks. Moor..."
Kidder - 2002 - Mapping Poverty Point.pdf,3,,volume,195,ft³,"...circle or of an irreg- ular ellipse."" Moore described Mound B (identified in his publication as Mound F) as a symmetrical cone, 21.6 feet high and 195 feet in diameter. He also visited and described Motley Mound, located sev- eral kilometers north of the Poverty Point earthworks. Moore noted that Motle..."
Kidder - 2002 - Mapping Poverty Point.pdf,3,,volume,51,ft³,"...at Motley was similar in shape to Mound A at Poverty Point, although its long axis was perpendicular to that of Mound A. He described the mound as 51 feet high with an east-west axis of 560 feet. These dimensions do not differ significantly from those found by Ford and Webb (1956:Figure 4) when they..."
Kidder - 2002 - Mapping Poverty Point.pdf,3,,volume,560,ft³,"...d A at Poverty Point, although its long axis was perpendicular to that of Mound A. He described the mound as 51 feet high with an east-west axis of 560 feet. These dimensions do not differ significantly from those found by Ford and Webb (1956:Figure 4) when they made a contour map of this mound. Povert..."
Kidder - 2002 - Mapping Poverty Point.pdf,5,,volume,20,ft³,"...lete and symmetrical in the 1954 map, are less regular and are not continuous within the sector. In both rendi- tions of the Poverty Point map the ""20 foot"" (6.1 -m) bluff line facing Bayou Macon is portrayed as a con- tinuous escarpment broken only by west-to-east- flowing drainages or gullies. The ne..."
Kidder - 2002 - Mapping Poverty Point.pdf,7,,volume,20,ft³,"...on of Archaeology, Department of Culture, Recreation, and Tourism). Continued work at Poverty Point also resulted in the recognition that the ""20 foot"" escarpment marking the eastern edge of Macon Ridge was not continuous. Gibson and Hillman pointed out that at the southeast corner of the plaza t..."
Kidder - 2006 - Climate Change and the Archaic to Woodland Transit.pdf,2,,volume,750000,m³,"...rece- dented levels of mound construction and interregional exchange exemplified at the type site, Poverty Point (16WC5), a 3 km2 complex of over 750,000 m3 of mounded earth in six nested, ellip- tical half-rings, two massive mounds, and a few smaller conical and flat-topped earthworks (Ford Tristram R..."
Kidder - 2006 - Climate Change and the Archaic to Woodland Transit.pdf,18,,volume,2,ft³,"...On On oJ On On fSj ^ ^si <_. On '~h on ^ s-h q s | | 2 | ^ | 2 £ o^ 2 ? | .s 5 5 1 Mm iiiiiiigisiiilii ^ !! 2 *- *- *- *- *- 2 ft Oh'o'o'o^h o C^i q o u Cl ^3 uCuoocjooooCUocjooo S o '-^ ^ c oooo,S oooouo^oooooouooooouooi^u^J cu •° o ""§ e O T3 <D S iO OOOOO..."
Webb - 1968 - The Extent and Content of Poverty Point Culture.pdf,3,,volume,5,ft³,"...midden contained cylindrical grooved and bi- conical clay balls with sand-tempered plain sherds. The Darby site, with a 50-ft. mound which is 4 to 5 ft. high, produced surface finds of projectile points which duplicate most Pov- erty Point types, and 9 tubular beads, including 4 of red jasper. Th..."
Webb - 1968 - The Extent and Content of Poverty Point Culture.pdf,3,,volume,12,ft³,"...9 tubular beads, including 4 of red jasper. The Bayou Jasmine and Linsley sites (Fig. 1) on Lake Pontchartrain near New Orleans were buried 6 to 12 ft. below present mean Gulf level. Units of midden exposed by canal excavation showed deposits of ash, charcoal, bones of deer, small animals, alliga..."
Webb - 1968 - The Extent and Content of Poverty Point Culture.pdf,3,,volume,4,ft³,"...ssissippi River, on which the site is located. The Garcia site (Gagliano 1963) on the east- ern end of Lake Pontchartrain is largely beneath 3 to 4 ft. of water 500 to 1,000 ft. from the lake shore. A full chipped-stone assemblage repro- duces Poverty Point lithic types; and plummets of stone and..."
Webb - 1968 - The Extent and Content of Poverty Point Culture.pdf,3,,volume,1000,ft³,"...hich the site is located. The Garcia site (Gagliano 1963) on the east- ern end of Lake Pontchartrain is largely beneath 3 to 4 ft. of water 500 to 1,000 ft. from the lake shore. A full chipped-stone assemblage repro- duces Poverty Point lithic types; and plummets of stone and hematite, boatstones, bar..."
Webb - 1968 - The Extent and Content of Poverty Point Culture.pdf,3,,volume,5,ft³,"...te River phase, upland from the former coast, is repre- sented by small sites, with no discovered burials but with small conical earth mounds 3 to 5 ft. in height and 70 to 150 ft. in diameter. A date of 1240 B.c. ? 130 (G-561) was reported from a charcoal sample at a Pearl River midden on Cedarl..."
Webb - 1968 - The Extent and Content of Poverty Point Culture.pdf,3,,volume,150,ft³,"...m the former coast, is repre- sented by small sites, with no discovered burials but with small conical earth mounds 3 to 5 ft. in height and 70 to 150 ft. in diameter. A date of 1240 B.c. ? 130 (G-561) was reported from a charcoal sample at a Pearl River midden on Cedarland Plantation (Gagliano 1963..."
Webb - 1968 - The Extent and Content of Poverty Point Culture.pdf,5,,volume,20,ft³,"...int context, on the basis of consistent stone items and the presence of a characteristic bead type (Fig. 7s). A premound square struc- ture, about 20 ft. in diameter, was outlined by 18-in. postmolds placed 30 to 36 in. apart. A small primary mound partially covering this structure showed, on its s..."
Webb - 1968 - The Extent and Content of Poverty Point Culture.pdf,6,,volume,3,ft³,"...'s Bayou. With members of the Society, Ford, Gregory, and the author surveyed and tested the Terrell Lewis site (Fig. 1; Table 2). A dense midden, 3 ft. in depth, was loaded with whole and fragmentary clay balls of all the major types found at Poverty Point except cylindrical grooved. Typical proj..."
Webb - 1968 - The Extent and Content of Poverty Point Culture.pdf,7,,volume,5,ft³,"...ou Bonne Idee relict channels of the Arkansas River, listed by Fisk (1944) as stage 11 and stage 4 channels. Two small mounds, approximately 4 to 5 ft. high and 75 to 80 ft. in diameter, have recently been destroyed. Surface collections from the village midden along the natural river levee indica..."
Webb - 1968 - The Extent and Content of Poverty Point Culture.pdf,7,,volume,80,ft³,"...channels of the Arkansas River, listed by Fisk (1944) as stage 11 and stage 4 channels. Two small mounds, approximately 4 to 5 ft. high and 75 to 80 ft. in diameter, have recently been destroyed. Surface collections from the village midden along the natural river levee indicate a major Poverty Poi..."
Webb - 1968 - The Extent and Content of Poverty Point Culture.pdf,8,,volume,200,ft³,"...rtheastern Arkansas, a member of the Arkansas Archeological Society, Charles Scheel (personal communication, 1967), found a dark midden area about 200 ft. from the Rose Mound, on the St. Francis River in Cross County, with six biconical Poverty Point objects. Cultural associations have not been esta..."
Webb - 1968 - The Extent and Content of Poverty Point Culture.pdf,11,,volume,900,ft³,"...sites and to clarify their relationship to natural levees. At the Teoc Creek site the surface manifestation of the dark midden forms a semicircle, 900 ft. in diameter, from the levee crest to the back- slope, and a deep midden 10 ft. below the levee crest indicates the existence of aboriginal occu-..."
Webb - 1968 - The Extent and Content of Poverty Point Culture.pdf,11,,volume,10,ft³,"...e the surface manifestation of the dark midden forms a semicircle, 900 ft. in diameter, from the levee crest to the back- slope, and a deep midden 10 ft. below the levee crest indicates the existence of aboriginal occu- pation throughout the period of levee deposi- tion. This is a village site cove..."
Webb - 1968 - The Extent and Content of Poverty Point Culture.pdf,12,,volume,24,ft³,"...the Ohio River near Clarksville, Clark County, Indiana. Several hundred baked clay balls, found in groups, were reported from an area about 12 by 24 ft. in diameter; of the 82 remaining in collec- tions of the Hale brothers, who made the origi- nal find, and of James J. Matthews, who subse- quentl..."
Webb - 1968 - The Extent and Content of Poverty Point Culture.pdf,13,,volume,2,ft³,"...ed or fire-cracked cobbles. Fragments of stone vessels or pottery have not been asso- ciated with the baking pits nor with a large fire hearth, 41/2 ft. in diameter, found by Alexander. Steatite, sandstone, and pottery vessel sherds of early types (fiber- or sand-tempered) are present at a number..."
Webb - 1968 - The Extent and Content of Poverty Point Culture.pdf,15,,volume,8,ft³,"...ral types"" from the spoil- bank midden material, with predominant Pov- erty Point clay ball inclusions. This material had been buried beneath 6 to 8 ft. of marsh and swamp deposit and was equated with the Lins, ley site by these authors. The dating of 1140 B.C. ? 200 (M-823) for the Bayou LaBatre..."
Webb - 1968 - The Extent and Content of Poverty Point Culture.pdf,22,,volume,640,ft³,"...g, the extensive geometric village con- struction, and the evidence of solar orientation. As previously described (Ford and Webb 1956), Mound A is 640 ft. in N-S length and 70 ft. in height; it is terraced and has a ramp on the east side which descends to a platform, 23 ft. high and 240 by 300 ft. i..."
Webb - 1968 - The Extent and Content of Poverty Point Culture.pdf,22,,volume,70,ft³,"...village con- struction, and the evidence of solar orientation. As previously described (Ford and Webb 1956), Mound A is 640 ft. in N-S length and 70 ft. in height; it is terraced and has a ramp on the east side which descends to a platform, 23 ft. high and 240 by 300 ft. in diameters, which connec..."
Webb - 1968 - The Extent and Content of Poverty Point Culture.pdf,22,,volume,23,ft³,"...nd Webb 1956), Mound A is 640 ft. in N-S length and 70 ft. in height; it is terraced and has a ramp on the east side which descends to a platform, 23 ft. high and 240 by 300 ft. in diameters, which connects the mound to the outermost village terrace on its western side. Mound B is north of Mound A,..."
Webb - 1968 - The Extent and Content of Poverty Point Culture.pdf,22,,volume,300,ft³,"...is 640 ft. in N-S length and 70 ft. in height; it is terraced and has a ramp on the east side which descends to a platform, 23 ft. high and 240 by 300 ft. in diameters, which connects the mound to the outermost village terrace on its western side. Mound B is north of Mound A, northwest of the villag..."
Webb - 1968 - The Extent and Content of Poverty Point Culture.pdf,22,,volume,21,ft³,"...e outermost village terrace on its western side. Mound B is north of Mound A, northwest of the village; it is conical in shape and has a height of 21 ft. and a basal diameter of 195 ft. The Motley Mound, 11/2 mi. north of the village center, was reported by Clarence B. Moore's (1913) survey to be 5..."
Webb - 1968 - The Extent and Content of Poverty Point Culture.pdf,22,,volume,195,ft³,"...its western side. Mound B is north of Mound A, northwest of the village; it is conical in shape and has a height of 21 ft. and a basal diameter of 195 ft. The Motley Mound, 11/2 mi. north of the village center, was reported by Clarence B. Moore's (1913) survey to be 51 ft. in height, 560 ft. in E-W..."
Webb - 1968 - The Extent and Content of Poverty Point Culture.pdf,22,,volume,51,ft³,"...t. and a basal diameter of 195 ft. The Motley Mound, 11/2 mi. north of the village center, was reported by Clarence B. Moore's (1913) survey to be 51 ft. in height, 560 ft. in E-W diameter, and 400 ft. N-S, with an added low (6 ft.) southward terrace which connected with the apex by an incomplete..."
Webb - 1968 - The Extent and Content of Poverty Point Culture.pdf,22,,volume,560,ft³,"...eter of 195 ft. The Motley Mound, 11/2 mi. north of the village center, was reported by Clarence B. Moore's (1913) survey to be 51 ft. in height, 560 ft. in E-W diameter, and 400 ft. N-S, with an added low (6 ft.) southward terrace which connected with the apex by an incomplete Poverty Point. j-q,..."
Webb - 1968 - The Extent and Content of Poverty Point Culture.pdf,22,,volume,400,ft³,"...ound, 11/2 mi. north of the village center, was reported by Clarence B. Moore's (1913) survey to be 51 ft. in height, 560 ft. in E-W diameter, and 400 ft. N-S, with an added low (6 ft.) southward terrace which connected with the apex by an incomplete Poverty Point. j-q, bird pendants, Poverty Point..."
Webb - 1968 - The Extent and Content of Poverty Point Culture.pdf,22,,volume,6,ft³,"...age center, was reported by Clarence B. Moore's (1913) survey to be 51 ft. in height, 560 ft. in E-W diameter, and 400 ft. N-S, with an added low (6 ft.) southward terrace which connected with the apex by an incomplete Poverty Point. j-q, bird pendants, Poverty Point site: j, red jasper owl; k-o, b..."
Webb - 1968 - The Extent and Content of Poverty Point Culture.pdf,23,,volume,3960,ft³,"...AMERICAN ANTIQUITY ramp. The Poverty Point village, 3,960 ft. in diameter, is on a series of six concentrically arranged ridges or terraces, shown by aerial photography to be octagonal in shape and sepa- ra..."
Webb - 1968 - The Extent and Content of Poverty Point Culture.pdf,23,,volume,6,ft³,"...by aerial photography to be octagonal in shape and sepa- rated by gaps which radiate from the village center like wheel spokes. Each ridge is 4 to 6 ft. in height, and they are placed about 150 ft. apart, from crest to crest. Moved earth involved in construction of the three mounds and the terrac..."
Webb - 1968 - The Extent and Content of Poverty Point Culture.pdf,23,,volume,150,ft³,"...ape and sepa- rated by gaps which radiate from the village center like wheel spokes. Each ridge is 4 to 6 ft. in height, and they are placed about 150 ft. apart, from crest to crest. Moved earth involved in construction of the three mounds and the terraces totals nearly one million cubic yards. For..."
Webb - 1968 - The Extent and Content of Poverty Point Culture.pdf,23,,volume,12,ft³,"...x larger mounds which pre- sumably were constructed during later occupa- tions. The Monte Sano site at Baton Rouge had two mounds; the larger one, 12 ft. high and about 50 ft. in diameter, was demonstrated by William G. Haag and James A. Ford (unpub- lished data) to have been constructed during Po..."
Webb - 1968 - The Extent and Content of Poverty Point Culture.pdf,23,,volume,50,ft³,"...re- sumably were constructed during later occupa- tions. The Monte Sano site at Baton Rouge had two mounds; the larger one, 12 ft. high and about 50 ft. in diameter, was demonstrated by William G. Haag and James A. Ford (unpub- lished data) to have been constructed during Poverty Point times. The..."
Webb - 1968 - The Extent and Content of Poverty Point Culture.pdf,23,,volume,5,ft³,"...ub- lished data) to have been constructed during Poverty Point times. The Neimeyer-Dare site in Morehouse Parish, Louisiana, had two mounds, 4 to 5 ft. in height and 60 to 75 ft. in diameters, which showed no refuse later than Poverty Point times. It is possible, but not certain, that some of the..."
Webb - 1968 - The Extent and Content of Poverty Point Culture.pdf,23,,volume,75,ft³,"...been constructed during Poverty Point times. The Neimeyer-Dare site in Morehouse Parish, Louisiana, had two mounds, 4 to 5 ft. in height and 60 to 75 ft. in diameters, which showed no refuse later than Poverty Point times. It is possible, but not certain, that some of the mound construction at the..."
Webb - 1968 - The Extent and Content of Poverty Point Culture.pdf,23,,volume,180,ft³,"...Carroll Coun- ty, Mississippi, presented an interesting arrange- ment of the habitation areas. These were indi- cated by dark midden soil, 160 to 180 ft. in width, which appeared in a semicircle down the backslope of the levee. The base of the semi- circle along the levee crest was approximately 9..."
Webb - 1968 - The Extent and Content of Poverty Point Culture.pdf,23,,volume,900,ft³,"...t. in width, which appeared in a semicircle down the backslope of the levee. The base of the semi- circle along the levee crest was approximately 900 ft. in diameter. Two sites have shown evidence of structures built during Poverty Point times: Jaketown con- tained an oval structure 22 ft. at the g..."
Webb - 1968 - The Extent and Content of Poverty Point Culture.pdf,23,,volume,22,ft³,"...imately 900 ft. in diameter. Two sites have shown evidence of structures built during Poverty Point times: Jaketown con- tained an oval structure 22 ft. at the greatest diameter, and at the Monte Sano mound, a square structure, 20 to 21 ft. in diameter, was revealed beneath the mound. DISCUSSION..."
Webb - 1968 - The Extent and Content of Poverty Point Culture.pdf,23,,volume,21,ft³,"...overty Point times: Jaketown con- tained an oval structure 22 ft. at the greatest diameter, and at the Monte Sano mound, a square structure, 20 to 21 ft. in diameter, was revealed beneath the mound. DISCUSSION AND SUMMARY It is believed that the previous suggestion of 800-600 B.C. for the Poverty..."
Webb-1956-Poverty Point a late archaic-… papers of the American Museum of Natural …-1.pdf,15,,volume,30,ft³,"...ed apparently includes the site on the adjacent Jackson Place. His estimate of the large Pov- erty Point and Motley mounds as being ""be- tween 20 and 30 feet in height"" certainly errs on the side of caution. FIG. 1. Map of portions of Mississippi, Louisiana, and Arkansas showing the locations of known site..."
Webb-1956-Poverty Point a late archaic-… papers of the American Museum of Natural …-1.pdf,16,,volume,15,ft³,"...s- sippi to the east. Bayou Magon meanders along the foot of the bluff. The highest part of the Poverty Point Mound, a small flattened area, is about 15 feet in diameter. The contour map (Fig. 3) shows an elevation above the reference point of 64.75 feet, but this point is on the northeastern side I Moore,..."
Webb-1956-Poverty Point a late archaic-… papers of the American Museum of Natural …-1.pdf,16,,volume,64.75,ft³,"...e Poverty Point Mound, a small flattened area, is about 15 feet in diameter. The contour map (Fig. 3) shows an elevation above the reference point of 64.75 feet, but this point is on the northeastern side I Moore, 1913, PI. 2. 2 Webb, C. H., 1944, 1948. at the toe of the mound on fairly high ground- actually,..."
Webb-1956-Poverty Point a late archaic-… papers of the American Museum of Natural …-1.pdf,16,,volume,70,ft³,"...1944, 1948. at the toe of the mound on fairly high ground- actually, on talus washed off the mound. Miller, Moore's surveyor, determined a height of 70 feet from the terrain to the south of the mound which is lower and nearer the average elevation of Macon Ridge. (View P1. 1 with a stereo- scope.) Rather..."
Webb-1956-Poverty Point a late archaic-… papers of the American Museum of Natural …-1.pdf,16,,volume,180,ft³,"...h is lower and nearer the average elevation of Macon Ridge. (View P1. 1 with a stereo- scope.) Rather narrow ridges, which descend by steps for about 180 feet in each direction, extend due north and south from the small flattened area on the mound summit. The step-like arrange- ment of the tops of these nar..."
Webb-1956-Poverty Point a late archaic-… papers of the American Museum of Natural …-1.pdf,19,,volume,100,ft³,"...FORD AND WEBB: POVERTY POINT FIG. 3. Contour map of the Poverty Point Mound. The reference point was given an assumed elevation of 100 feet. slope provides rather easy access from the large platform to the east, to the summit. This prob- ably served as a ramp. At the base, the high ridge..."
Webb-1956-Poverty Point a late archaic-… papers of the American Museum of Natural …-1.pdf,19,,volume,640,ft³,"...ast, to the summit. This prob- ably served as a ramp. At the base, the high ridge portion of the mound that is aligned north to south measures almost 640 feet. The platform lying to the east is narrower, measuring about 250 to 350 feet across its base. The uncertainty of this meas- urement is due to the lar..."
Webb-1956-Poverty Point a late archaic-… papers of the American Museum of Natural …-1.pdf,19,,volume,350,ft³,"...idge portion of the mound that is aligned north to south measures almost 640 feet. The platform lying to the east is narrower, measuring about 250 to 350 feet across its base. The uncertainty of this meas- urement is due to the large talus slopes that have developed about the flanks as a result of erosion o..."
Webb-1956-Poverty Point a late archaic-… papers of the American Museum of Natural …-1.pdf,19,,volume,23,ft³,"...large talus slopes that have developed about the flanks as a result of erosion of the platform. The top of the plat- form is very nearly level, about 23 feet above the reference station. It was rectangular in form before large gullies were eroded in the eastern and southern sides. Its surface, which measur..."
Webb-1956-Poverty Point a late archaic-… papers of the American Museum of Natural …-1.pdf,19,,volume,300,ft³,"...ence station. It was rectangular in form before large gullies were eroded in the eastern and southern sides. Its surface, which measures about 240 by 300 feet, provides an elongated rectangular area lying due east of the higher portion of the mound. The platform edges, where they have not been cut by erosio..."
Webb-1956-Poverty Point a late archaic-… papers of the American Museum of Natural …-1.pdf,19,,volume,640,ft³,"...e sides are steep, down to the point where they disappear beneath the talus. Over-all basal measurements of the Poverty Point Mound are approximately 640 feet north 15 1956..."
Webb-1956-Poverty Point a late archaic-… papers of the American Museum of Natural …-1.pdf,20,,volume,710,ft³,...16 ANTHROPOLOGICAL PAPERS AMERICAN MUSEUM OF NATURAL HISTORY Vol. 46 to south and 710 feet east to west. The form (whatever it may be) is aligned rather closely to the cardinal directions. The ridge that con- stitutes the highest part exten...
Webb-1956-Poverty Point a late archaic-… papers of the American Museum of Natural …-1.pdf,20,,volume,6,ft³,"...octagon exhibits a paucity of arti- facts, except along the slopes of the innermost ridges. The ridges forming this concentric octagon are low, 4 to 6 feet high, gently rounded in pro- file, and from one depression to the other meas- ure about 150 feet across. From crest to crest the six ridges are also..."
Webb-1956-Poverty Point a late archaic-… papers of the American Museum of Natural …-1.pdf,20,,volume,150,ft³,"...e ridges forming this concentric octagon are low, 4 to 6 feet high, gently rounded in pro- file, and from one depression to the other meas- ure about 150 feet across. From crest to crest the six ridges are also about 150 feet apart and are spaced very regularly, as the air photograph (P1. 1) shows. At prese..."
Webb-1956-Poverty Point a late archaic-… papers of the American Museum of Natural …-1.pdf,20,,volume,150,ft³,"...gently rounded in pro- file, and from one depression to the other meas- ure about 150 feet across. From crest to crest the six ridges are also about 150 feet apart and are spaced very regularly, as the air photograph (P1. 1) shows. At present, water stands in the depressions between the ridges adjacent to..."
Webb-1956-Poverty Point a late archaic-… papers of the American Museum of Natural …-1.pdf,20,,volume,750,ft³,"...s geometric arrangement may be mistaken for a portion of a circle, but closer inspection shows it to be an octagon with slightly curving sides. About 750 feet north and south of a line projected due east from the large mound, series of gaps in the ridges are now occupied by drainage ways. In the air photo-..."
Webb-1956-Poverty Point a late archaic-… papers of the American Museum of Natural …-1.pdf,20,,volume,900,ft³,"...ields northeast of the large mound, another ridge, similar in height and spacing to those just described, parallels the artificial ridges but is only 900 feet long. This is appar- ently not artificial but is a natural levee of the adjacent old channel. Previous investigators, including the present writers,..."
Webb-1956-Poverty Point a late archaic-… papers of the American Museum of Natural …-1.pdf,20,,volume,960,ft³,"...failed to discover the presence of this geometrical arrangement, simply because it is on too large a scale. The diameter of the outer ridge is about 3960 feet, almost 4 of a mile. The diameter of the innermost ridge is 1950 feet. The desirability of designating areas of this large figure for purposes of sur..."
Webb-1956-Poverty Point a late archaic-… papers of the American Museum of Natural …-1.pdf,20,,volume,950,ft³,"...y because it is on too large a scale. The diameter of the outer ridge is about 3960 feet, almost 4 of a mile. The diameter of the innermost ridge is 1950 feet. The desirability of designating areas of this large figure for purposes of surface collecting is 1 Fowke., 1928, 434-436. 2 Webb, C. H..? 1944...."
Webb-1956-Poverty Point a late archaic-… papers of the American Museum of Natural …-1.pdf,21,,volume,30,ft³,"...Ridge bluff between the ends of Ridges 2 and 3. When the air photograph (P1. 1) was taken in 1934, this gulley had cut back from the bluff only about 30 feet. Now, however, it has cut back about 100 yards and is 10 feet deep for most of this length. The rapid flow of surface water leading into this depress..."
Webb-1956-Poverty Point a late archaic-… papers of the American Museum of Natural …-1.pdf,21,,volume,10,ft³,"...hotograph (P1. 1) was taken in 1934, this gulley had cut back from the bluff only about 30 feet. Now, however, it has cut back about 100 yards and is 10 feet deep for most of this length. The rapid flow of surface water leading into this depression has resulted in sheet erosion of the near-by fields, so th..."
Webb-1956-Poverty Point a late archaic-… papers of the American Museum of Natural …-1.pdf,21,,volume,100,ft³,"...his possibility, the land lying between the foot of FIG. 4. Contour map of the Motley Mound. The reference point was assigned an assumed elevation of 100 feet. The shape of the mound has been modified by eroded gullies and by a large borrow pit made on its western flank about 20 years ago. 1956 17..."
Webb-1956-Poverty Point a late archaic-… papers of the American Museum of Natural …-1.pdf,22,,volume,195,ft³,"...0 yards due north of the Poverty Point Mound, outside the arrangement of ridges just described (map, Fig. 6). Moore gives its diameter at the base as 195 feet and its height as 21 feet and 6 inches. This is Moore's Mound F.1 In addi- tion to Mound F, Moore thought he had dis- covered four other low mounds w..."
Webb-1956-Poverty Point a late archaic-… papers of the American Museum of Natural …-1.pdf,22,,volume,21,ft³,"...verty Point Mound, outside the arrangement of ridges just described (map, Fig. 6). Moore gives its diameter at the base as 195 feet and its height as 21 feet and 6 inches. This is Moore's Mound F.1 In addi- tion to Mound F, Moore thought he had dis- covered four other low mounds which, with the large Mound..."
Webb-1956-Poverty Point a late archaic-… papers of the American Museum of Natural …-1.pdf,22,,volume,7,ft³,"...which, with the large Mound A, formed a ""rude circle or irregu- lar ellipse."" He dug at three of these localities, finding mixed soil and refuse 6 to 7 feet deep, but nothing else worthy of mention. When Moore's directions and distances are followed, it is evident that these supposed mounds, B to E, are p..."
Webb-1956-Poverty Point a late archaic-… papers of the American Museum of Natural …-1.pdf,23,,volume,100,ft³,"...bered that the datum points from which the two maps were made were arbitrarily chosen at the approximate mound bases, and each was given the value of 100 feet of elevation. This 100-foot contour line was not used for compari- son, because it is more involved with talus fans than is the 105-foot line. As the..."
Webb-1956-Poverty Point a late archaic-… papers of the American Museum of Natural …-1.pdf,23,,volume,400,ft³,"...ht of the last glacial period, ap- parently about 11,000 years ago,2 so much water was trapped in the ice sheets that sea level was lowered more than 400 feet. In re- sponse to this the Mississippi and its tributaries 1 Ford, Phillips, and Haag, 1955, 15-18; Fisk, 1944. 2 Before the radiocarbon age-measurin..."
Webb-1956-Poverty Point a late archaic-… papers of the American Museum of Natural …-1.pdf,23,,volume,20,ft³,"...of earlier soils that project through Mason Ridge, the entire ridge was formed by the Arkansas between these dates, while sea level was rising from -20 feet to about the present level. The old braided channels show clearly on air photographs of the surface of the ridge (P1. 3). The Poverty Point 1956 19..."
Webb-1956-Poverty Point a late archaic-… papers of the American Museum of Natural …-1.pdf,24,,volume,20,ft³,"...rkansas, and when in Stage C1 its courses swung to the west and trimmed the edge of the Arkansas alluvial fan there was a difference of between 15 to 20 feet between the two surfaces. This cutting action substantially established the eastern edge of Mason Ridge, the low bluff that bounds the ridge for 100..."
Webb-1956-Poverty Point a late archaic-… papers of the American Museum of Natural …-1.pdf,25,,volume,61,ft³,"...were accomplished. First, we put down a bore hole in the highest point of the Poverty Point Mound with a 4-inch soil auger. We drilled to a depth of 61 feet, not quite to the base of the mound. As the drill descended, the soil continually changed in both color and tex- ture, which indicated that the drill..."
Webb-1956-Poverty Point a late archaic-… papers of the American Museum of Natural …-1.pdf,25,,volume,56,ft³,"...lor and tex- ture, which indicated that the drill was passing through artificially loaded soils. A single chip of flint was recovered from a depth of 56 feet. It has been suggested that in building the large mounds the Indians had possibly taken advan- tage of the presence of small ""islands"" of pre- 1 Fisk..."
Webb-1956-Poverty Point a late archaic-… papers of the American Museum of Natural …-1.pdf,25,,volume,100,ft³,"...g. 3). For this purpose a datum point was selected near the northeastern flank of the structure, to which we assigned an arbitrary elevation value of 100 feet. A steel pipe with a brass cap was driven to mark the point. A traverse was run with transit, tape, and level to provide a skele- ton of reference po..."
Webb-1956-Poverty Point a late archaic-… papers of the American Museum of Natural …-1.pdf,27,,volume,4,ft³,"...very close to the 20-foot bluff over Bayou Mason. This part of the site lies in woodland, and the ridges are smoothly rounded rises with crests 3 to 4 feet higher than the bot- toms of the swales that separate them. Here the ridges run east and west, so Trench A was laid out north and south, 5 feet wide,..."
Webb-1956-Poverty Point a late archaic-… papers of the American Museum of Natural …-1.pdf,27,,volume,5,ft³,"...3 to 4 feet higher than the bot- toms of the swales that separate them. Here the ridges run east and west, so Trench A was laid out north and south, 5 feet wide, for a length of 90 feet. As are the trenches at Jaketown, the excavations here were separated into 5- by 10- foot sections and were dug in 6-in..."
Webb-1956-Poverty Point a late archaic-… papers of the American Museum of Natural …-1.pdf,27,,volume,90,ft³,"...bot- toms of the swales that separate them. Here the ridges run east and west, so Trench A was laid out north and south, 5 feet wide, for a length of 90 feet. As are the trenches at Jaketown, the excavations here were separated into 5- by 10- foot sections and were dug in 6-inch arbitrary levels. The soil..."
Webb-1956-Poverty Point a late archaic-… papers of the American Museum of Natural …-1.pdf,27,,volume,3,ft³,"...oints, also demon- strated the artificial nature of the deposit. The original ground surface, although poorly de- fined, seems to have been from 2 to 3 feet be- neath the present surface of the ridge. Along part of the trench a faint line of slight concen- tration of charcoal stain was traceable, but for..."
Webb-1956-Poverty Point a late archaic-… papers of the American Museum of Natural …-1.pdf,27,,volume,70,ft³,"...ot reveal any alignments that could be interpreted as evidence of buildings. CUT 2 Trench 2, a 5-foot wide cut, was run east and west for a length of 70 feet across the outermost ridge (Ridge 6) at a point about 900 feet north of the large mound (Fig. 6). It is located in the western segment of the octagon..."
Webb-1956-Poverty Point a late archaic-… papers of the American Museum of Natural …-1.pdf,27,,volume,900,ft³,"...of buildings. CUT 2 Trench 2, a 5-foot wide cut, was run east and west for a length of 70 feet across the outermost ridge (Ridge 6) at a point about 900 feet north of the large mound (Fig. 6). It is located in the western segment of the octagonal figure. Water, which was then standing in the sloughs on eit..."
Webb-1956-Poverty Point a late archaic-… papers of the American Museum of Natural …-1.pdf,27,,volume,3,ft³,"...apparent in this trench. The original ground surface showed quite plainly under the highest part of the ridge as a charcoal-stained humus line about 3 feet beneath the present surface. The subsoil, a gray clay, contained numerous small manganese concretions. A black humus, particularly rich in clay balls..."
Webb-1956-Poverty Point a late archaic-… papers of the American Museum of Natural …-1.pdf,27,,volume,4,ft³,...the subsoil sloped steeply downward beneath the water-filled slough that lies to the west of the ridge and could not be followed be- yond a depth of 4 feet. This possibly is soil that accumulated on the side of the ridge while the site was occupied and the ridge retained its orig- inal height. Trench 2 w...
Webb-1956-Poverty Point a late archaic-… papers of the American Museum of Natural …-1.pdf,27,,volume,5,ft³,"...outh direction to sample the innermost ridge (Ridge 1) at the point where it approaches the edge of the bluff over Bayou Magon. This ex- cavation was 5 feet wide and 60 feet long (Fig. 6). Unfortunately, only two levels of this cut were finished, when the work had to be ter- minated owing to illness. So f..."
Webb-1956-Poverty Point a late archaic-… papers of the American Museum of Natural …-1.pdf,27,,volume,60,ft³,"...o sample the innermost ridge (Ridge 1) at the point where it approaches the edge of the bluff over Bayou Magon. This ex- cavation was 5 feet wide and 60 feet long (Fig. 6). Unfortunately, only two levels of this cut were finished, when the work had to be ter- minated owing to illness. So far as they were o..."
Webb-1956-Poverty Point a late archaic-… papers of the American Museum of Natural …-1.pdf,29,,volume,250,ft³,"...portion of the outermost ridge (Ridge 6), the northwestern segment of the geometrical earthwork. As closely as such measurements can be made, it was 250 feet from the southern end of this ridge. An area laid out to a 5-foot width by 65-foot length was excavated mainly by arbi- trary levels, and the materia..."
Webb-1956-Poverty Point a late archaic-… papers of the American Museum of Natural …-1.pdf,29,,volume,21,ft³,"...mainly by arbi- trary levels, and the material was sifted. Rain flooding necessitated digging a drainage trench that extended the observable section 21 feet farther and connected with a small pit cut to a depth of 6- feet at the center of the swale be- tween Ridges 5 and 6. A further check of the structur..."
Webb-1956-Poverty Point a late archaic-… papers of the American Museum of Natural …-1.pdf,29,,volume,86,ft³,...ribution was made possible by facing the adjacent edge of an old drain in the bottom of this swale. From all this we have a total sectional record of 86 feet that for full coverage might profitably have been extended 50 feet farther to the northwest. The surface of most of the excavated area is currently i...
Webb-1956-Poverty Point a late archaic-… papers of the American Museum of Natural …-1.pdf,29,,volume,50,ft³,"...ain in the bottom of this swale. From all this we have a total sectional record of 86 feet that for full coverage might profitably have been extended 50 feet farther to the northwest. The surface of most of the excavated area is currently in cotton cultivation, the mounded rows running lengthwise with the..."
Webb-1956-Poverty Point a late archaic-… papers of the American Museum of Natural …-1.pdf,29,,volume,36,ft³,"...southeast away from the highest point of the present ridge sur- face. Beyond, the layer drops again and ends abruptly, without tapering appreciably, 36 feet from where it can be first recognized. Within the ridge, between the dark zone and the plowed earth, there is the usual brownish clay, indistinguisha..."
Webb-1956-Poverty Point a late archaic-… papers of the American Museum of Natural …-1.pdf,29,,volume,110,ft³,"...- dulating surface which apparently did not vary more than 8 inches in elevation. Its highest por- tion formed a slight ridge or rise, between 80 and 110 feet, in the trench plan. To the north- west, judging from the present surface, this old surface was virtually level for at least 50 yards. After 15 inche..."
Webb-1956-Poverty Point a late archaic-… papers of the American Museum of Natural …-1.pdf,30,,volume,3,ft³,"...ith the final work on the octagonal earthworks. Judging from the amount that has washed back into the hollows, clay soil, possibly to a depth of 2 to 3 feet, was dumped over the surface. No evi- dence of basket-loading was observed. One source of this transported material seems to have been the hollow bet..."
Webb-1956-Poverty Point a late archaic-… papers of the American Museum of Natural …-1.pdf,30,,volume,2,ft³,"...tifacts. From the distribution of bits of fired clay it is doubt- ful whether ancient digging lowered the original inter-ridge surface here more than 2 feet. A very few minute particles of the same fired clay were found about 20 inches lower, but all of them seemed to be associated with old root holes. Th..."
Webb-1956-Poverty Point a late archaic-… papers of the American Museum of Natural …-1.pdf,30,,volume,23,ft³,"...ould conclusively be considered post-molds or floors marking the location of houses or other struc- tures. Slightly above the original surface level, 23 feet from the center of the inter-ridge hollow, a tap-root channel, 14 inches in top diameter, was traced down for over 4 feet. The fill in the channel, d..."
Webb-1956-Poverty Point a late archaic-… papers of the American Museum of Natural …-1.pdf,30,,volume,4,ft³,"...he original surface level, 23 feet from the center of the inter-ridge hollow, a tap-root channel, 14 inches in top diameter, was traced down for over 4 feet. The fill in the channel, darker than the adjacent clay, con- tained scattered fired clay fragments, a flake, and a hematite fragment. As the center..."
Webb-1956-Poverty Point a late archaic-… papers of the American Museum of Natural …-1.pdf,30,,volume,6,ft³,"...nel, darker than the adjacent clay, con- tained scattered fired clay fragments, a flake, and a hematite fragment. As the center of this root was only 6 feet from where the dark layer broke off and a structurally confused, irregu- larly colored area commences, it is possible that the tree was living either..."
Webb-1956-Poverty Point a late archaic-… papers of the American Museum of Natural …-1.pdf,30,,volume,102,ft³,"...the question of the width and depth of the hollows between the ridges. Of eight other discernible former holes one, 6 inches in diameter, located at 102 feet, almost directly over the root channel just mentioned, was visible 14 to 20 inches below the surface. Two other holes of about the same diameter were..."
Webb-1956-Poverty Point a late archaic-… papers of the American Museum of Natural …-1.pdf,30,,volume,115,ft³,"...lyzed in two units. Unit A constitutes the main portion of the ridge between the 50- and 100-foot stakes, Unit B the remaining sec- tion, from 100 to 115 feet. This separation was made not only because it offers some check on the lateral distribution of material but also be- cause ofuncertain stratigraphy b..."
Webb-1956-Poverty Point a late archaic-… papers of the American Museum of Natural …-1.pdf,30,,volume,115,ft³,"...in a com- parison of the yield from Levels 1, 4, 5, 6, and 7. The chronology of the layers in Unit B can- not be expressed so simply. Between 105 and 115 feet a fairly clear soil division was traceable about 12 inches below the surface. This may..."
Webb-1956-Poverty Point a late archaic-… papers of the American Museum of Natural …-1.pdf,32,,volume,4,ft³,"...ng the mechani- cal sifter to recover specimens. Cut 5, a 5-by-5- foot pit located in the southern end of Ridge 5, West Sector, was dug to a depth of 4 feet in 6- inch arbitrary levels. The old leached ground surface was encountered at 36 inches, and no artifacts were discovered below 42 inches be- neath..."
Webb-1956-Poverty Point a late archaic-… papers of the American Museum of Natural …-1.pdf,32,,volume,100,ft³,"...st south of the southern end of Ridge 5 in the flat aisle that lies between the western and southwestern octants of the ridges (Fig. 6). It was about 100 feet from the clearly defined termination of the western seg- ment of Ridge 5. This was a test pit 4 by 8 feet, excavated in 6-inch levels to a depth of 3..."
Webb-1956-Poverty Point a late archaic-… papers of the American Museum of Natural …-1.pdf,32,,volume,8,ft³,"...ants of the ridges (Fig. 6). It was about 100 feet from the clearly defined termination of the western seg- ment of Ridge 5. This was a test pit 4 by 8 feet, excavated in 6-inch levels to a depth of 36 inches. Cultural material was not found below 30 inches, the point at which the brown soil, apparently r..."
Webb-1956-Poverty Point a late archaic-… papers of the American Museum of Natural …-1.pdf,32,,volume,4,ft³,"...omplete ornament. CUT 7 In the plowed field east of the gravel road, in the southern segment of the geometrical figure, there is a rounded knoll 3 to 4 feet high and about 60 feet in diameter. On casual in- spection it appeared to be a small burial mound of the type so common on early ceramic-bearing site..."
Webb-1956-Poverty Point a late archaic-… papers of the American Museum of Natural …-1.pdf,32,,volume,60,ft³,"...7 In the plowed field east of the gravel road, in the southern segment of the geometrical figure, there is a rounded knoll 3 to 4 feet high and about 60 feet in diameter. On casual in- spection it appeared to be a small burial mound of the type so common on early ceramic-bearing sites in the Lower Mississi..."
Webb-1956-Poverty Point a late archaic-… papers of the American Museum of Natural …-1.pdf,33,,volume,90,ft³,"...trench the elevation be- fore the field was planted. A 10-foot wide trench, laid out north and south, was excavated with the tractor for a length of 90 feet (Fig. 6). At each passage the tractor planed about 1 inch of soil from the bottom of the trench, leaving a clean, fresh surface, ideal for inspection..."
Webb-1956-Poverty Point a late archaic-… papers of the American Museum of Natural …-1.pdf,33,,volume,0.5,ft³,"...ace. The old surface soil is the leached, light gray clay-loam typical of Mason Ridge. The old ground surface shows evidence of oc- cupation; the top 0.5 foot, stained dark gray, yielded more artifacts than did the superim- posed loaded soils. Evidently this surface was lived upon before construction of the..."
Webb-1956-Poverty Point a late archaic-… papers of the American Museum of Natural …-1.pdf,33,,volume,3,ft³,"...began. Profiles of both sides ofTrench 7 are shown in and west, had been cut through the old surface; one trench between Stakes North 70-80 was about 3 feet wide and 4 feet deep. An impres- sion of basketry found in this trench is de- scribed below. Between West 45 and West 61 a larger and more irregular..."
Webb-1956-Poverty Point a late archaic-… papers of the American Museum of Natural …-1.pdf,33,,volume,4,ft³,"...of both sides ofTrench 7 are shown in and west, had been cut through the old surface; one trench between Stakes North 70-80 was about 3 feet wide and 4 feet deep. An impres- sion of basketry found in this trench is de- scribed below. Between West 45 and West 61 a larger and more irregular depression, abou..."
Webb-1956-Poverty Point a late archaic-… papers of the American Museum of Natural …-1.pdf,33,,volume,5.5,ft³,"...eep. An impres- sion of basketry found in this trench is de- scribed below. Between West 45 and West 61 a larger and more irregular depression, about 5.5 feet deep, cut through the old surface. When the ridge construction was begun, this depression was at least partially open, for the lenses in the fill abo..."
Webb-1956-Poverty Point a late archaic-… papers of the American Museum of Natural …-1.pdf,34,,volume,72.4,ft³,"...30 ANTHROPOLOGICAL PAPERS AMERICAN MUSEUM OF NATURAL HISTORY Vol. 46 At North 72.4 feet, we found a circular fire pit 1.2 feet in diameter and 1 foot deep, origi- nating on the old ground level. The rounded bottom was lined with charcoal..."
Webb-1956-Poverty Point a late archaic-… papers of the American Museum of Natural …-1.pdf,34,,volume,1.2,ft³,"...30 ANTHROPOLOGICAL PAPERS AMERICAN MUSEUM OF NATURAL HISTORY Vol. 46 At North 72.4 feet, we found a circular fire pit 1.2 feet in diameter and 1 foot deep, origi- nating on the old ground level. The rounded bottom was lined with charcoal, above which the pit was filled solidl..."
Webb-1956-Poverty Point a late archaic-… papers of the American Museum of Natural …-1.pdf,34,,volume,1,ft³,"...30 ANTHROPOLOGICAL PAPERS AMERICAN MUSEUM OF NATURAL HISTORY Vol. 46 At North 72.4 feet, we found a circular fire pit 1.2 feet in diameter and 1 foot deep, origi- nating on the old ground level. The rounded bottom was lined with charcoal, above which the pit was filled solidly with baked clay balls..."
Webb-1956-Poverty Point a late archaic-… papers of the American Museum of Natural …-1.pdf,34,,volume,5,ft³,"...e the heat must have been most intense, are fire cracked. A charcoal sample was saved for radiocarbon analysis. The ridge was built up to a height of 5 feet with basket loads of clay and loam containing scattered cultural refuse. A few small beds of ash and burned clay were encountered, remains of fires b..."
Webb-1956-Poverty Point a late archaic-… papers of the American Museum of Natural …-1.pdf,34,,volume,0.8,ft³,"...encountered, remains of fires built in place. At this stage of ridge construction, black midden soil was deposited across the top to a depth of about 0.8 feet. Fol- lowing this period of occupation, more soil was added to bring this ridge remnant up to its present height of 7 feet. Throughout the upper 2 fe..."
Webb-1956-Poverty Point a late archaic-… papers of the American Museum of Natural …-1.pdf,34,,volume,7,ft³,"...top to a depth of about 0.8 feet. Fol- lowing this period of occupation, more soil was added to bring this ridge remnant up to its present height of 7 feet. Throughout the upper 2 feet the fragments of clay balls were deposited in horizontal layers that show as narrow bands in the walls of the excavation..."
Webb-1956-Poverty Point a late archaic-… papers of the American Museum of Natural …-1.pdf,34,,volume,2,ft³,"...feet. Fol- lowing this period of occupation, more soil was added to bring this ridge remnant up to its present height of 7 feet. Throughout the upper 2 feet the fragments of clay balls were deposited in horizontal layers that show as narrow bands in the walls of the excavation. These are brief occupation..."
Webb-1956-Poverty Point a late archaic-… papers of the American Museum of Natural …-1.pdf,34,,volume,6,ft³,"...5-by-10- foot rectangle was staked out between the North 30-40 lines, on its eastern side (Fig. 6). This was excavated by 6-inch levels to a depth of 6 feet, the base of the deposit. As was to be expected, the strata exposed duplicated those in the eastern wall of the adjacent Trench 7. The results of the..."
Webb-1956-Poverty Point a late archaic-… papers of the American Museum of Natural …-1.pdf,34,,volume,2,ft³,"...the crest of Ridge 4 (Fig. 6). Excavation of this 320-foot long trench was begun with the tractor. After the entire length had been taken down about 2 feet, it was obvious that complete excavation would involve considerable time and was probably not justifiable. Accordingly, the work of the tractor was c..."
Webb-1956-Poverty Point a late archaic-… papers of the American Museum of Natural …-1.pdf,34,,volume,100,ft³,"...construction of the ridges was begun. At the point where it was cut by Trench 9 the swale that the Indians excavated between Ridges 4 and 5 is about 100 feet wide, from Stake 100 to Stake 200 (Fig. 10). For reading levels on this trench we utilized the arbitrary datum that was established near the north- e..."
Webb-1956-Poverty Point a late archaic-… papers of the American Museum of Natural …-1.pdf,34,,volume,97,ft³,...stern corner of the Poverty Point Mound when a contour map was made in 1953. In these terms the old surface beneath Ridge 4 has an elevation of about 97 feet and of about 96 feet beneath Ridge 5. The bottom of the broad excavated trench appears to be almost level and has an elevation of 91 feet. Four to 5...
Webb-1956-Poverty Point a late archaic-… papers of the American Museum of Natural …-1.pdf,34,,volume,96,ft³,...overty Point Mound when a contour map was made in 1953. In these terms the old surface beneath Ridge 4 has an elevation of about 97 feet and of about 96 feet beneath Ridge 5. The bottom of the broad excavated trench appears to be almost level and has an elevation of 91 feet. Four to 5 feet of soil were int...
Webb-1956-Poverty Point a late archaic-… papers of the American Museum of Natural …-1.pdf,34,,volume,91,ft³,...on of about 97 feet and of about 96 feet beneath Ridge 5. The bottom of the broad excavated trench appears to be almost level and has an elevation of 91 feet. Four to 5 feet of soil were intentionally removed from this trench; undoubtedly this was the clay used to construct the ridges. Ridge 5 has an artif...
Webb-1956-Poverty Point a late archaic-… papers of the American Museum of Natural …-1.pdf,34,,volume,5,ft³,...et and of about 96 feet beneath Ridge 5. The bottom of the broad excavated trench appears to be almost level and has an elevation of 91 feet. Four to 5 feet of soil were intentionally removed from this trench; undoubtedly this was the clay used to construct the ridges. Ridge 5 has an artificial height of...
Webb-1956-Poverty Point a late archaic-… papers of the American Museum of Natural …-1.pdf,34,,volume,2,ft³,"..., while these refuse layers slope down the sides of the ridges, they do not lie near the bottom of the old excavated trench. Instead, they are within 2 feet of the present surface. Evidently the trench had been partially filled, at least adjacent to the ridges, before this midden soil was deposited. Ridge..."
Webb-1956-Poverty Point a late archaic-… papers of the American Museum of Natural …-1.pdf,34,,volume,2,ft³,"...resent surface. Evidently the trench had been partially filled, at least adjacent to the ridges, before this midden soil was deposited. Ridge 4, only 2 feet high, has no correspond- ing midden layer. Instead, a small amount of..."
Webb-1956-Poverty Point a late archaic-… papers of the American Museum of Natural …-1.pdf,36,,volume,3,ft³,"...th the ridge. Square B, opposite Stakes 100-110, was in the black midden found on this flank of the ridge. Six 6-inch levels lowered it to a depth of 3 feet. Square C immediately east of Square B, in line with Stakes 110-120, also cut through the sloping midden on the eastern flank of Ridge 5. The arbitra..."
Webb-1956-Poverty Point a late archaic-… papers of the American Museum of Natural …-1.pdf,36,,volume,5,ft³,"...l on either side of the ridge crest. If the missing por- tion of the curve of this deposit is extended, it is possible to estimate that at least 4 or 5 feet of the crest of the ridge has been planed off. This process doubtless provided the fill now overly- ing the bottom of the aboriginal excavation betwe..."
Webb-1956-Poverty Point a late archaic-… papers of the American Museum of Natural …-1.pdf,36,,volume,12,ft³,"...sis of this evidence it ap- pears that Ridge 5 at the point cut by Trench 9, and Ridge 1 where it was cut by Trench 7, were originally at least 10 or 12 feet high. It is impossible to determine whether all the ridge crests reached this height. Despite careful examination of the bottom of each arbitrary lev..."
Webb-1956-Poverty Point a late archaic-… papers of the American Museum of Natural …-1.pdf,36,,volume,80,ft³,"...agonal ridges were completed to the east in symmetrical fashion, the total length of ridge constructed would approximate 11.2 miles. Six feet high by 80 feet across the base is a conservative estimate of the average original dimensions of the ridge cross-section. A simple calculation gives the figure of ab..."
Webb-1956-Poverty Point a late archaic-… papers of the American Museum of Natural …-1.pdf,37,,volume,12,ft³,"...early all the Hopewell geometrical con- structions are formed by a single line of em- bankment, ranging from a barely perceptible rise to a height of 12 feet. The Portsmouth Works include a unit of earthworks consisting of ridges forming four concentric circles spaced at irregular distances from one anothe..."
Webb-1956-Poverty Point a late archaic-… papers of the American Museum of Natural …-1.pdf,37,,volume,145,ft³,"...Davis.4 If their interpreta- tion is correct, the figure, composed of four connected mounds, represents a bird with outstretched wings. The body was 145 feet long and the wing spread 200 feet. The mounds forming the body of the bird were 7 feet high; those representing the wings, 5 feet high. Earth mounds..."
Webb-1956-Poverty Point a late archaic-… papers of the American Museum of Natural …-1.pdf,37,,volume,200,ft³,"...is correct, the figure, composed of four connected mounds, represents a bird with outstretched wings. The body was 145 feet long and the wing spread 200 feet. The mounds forming the body of the bird were 7 feet high; those representing the wings, 5 feet high. Earth mounds in the form of birds with out- spr..."
Webb-1956-Poverty Point a late archaic-… papers of the American Museum of Natural …-1.pdf,37,,volume,7,ft³,"...nds, represents a bird with outstretched wings. The body was 145 feet long and the wing spread 200 feet. The mounds forming the body of the bird were 7 feet high; those representing the wings, 5 feet high. Earth mounds in the form of birds with out- spread wings are a rather common feature of the ""Effigy..."
Webb-1956-Poverty Point a late archaic-… papers of the American Museum of Natural …-1.pdf,37,,volume,5,ft³,"...ngs. The body was 145 feet long and the wing spread 200 feet. The mounds forming the body of the bird were 7 feet high; those representing the wings, 5 feet high. Earth mounds in the form of birds with out- spread wings are a rather common feature of the ""Effigy Mound Aspect"" of Wisconsin. This cultural p..."
Webb-1956-Poverty Point a late archaic-… papers of the American Museum of Natural …-1.pdf,37,,volume,180,ft³,"...e Poverty Point Mound seems to stand apart from the formal arrrangement of the site. This is Moore's Mound ""F.""7 It was an almost perfect cone, about 180 feet in diameter at the base, with a pointed summit rising slightly over 4 Squire and Davis, 1848, P1. 25, 68-69. ' Squier and Davis, 1848, Pls. 42-44. -0..."
Webb-1956-Poverty Point a late archaic-… papers of the American Museum of Natural …-1.pdf,38,,volume,20,ft³,"...34 ANTHROPOLOGICAL PAPERS AMERICAN MUSEUM OF NATURAL HISTORY Vol. 46 20 feet above the flat field that lies to the south. Immediately to the north of Mound B there is a partially filled old channel of the Arkansas River, one o..."
Webb-1956-Poverty Point a late archaic-… papers of the American Museum of Natural …-1.pdf,38,,volume,100,ft³,"...0-foot squares orientated with the cardinal directions. The datum point at the southeastern corner of the grid was assigned an arbitrary elevation of 100 feet (Fig. 11). On the basis of past experience in the South- east, and guessing as to the cultural affiliations of the Poverty Point culture, we expected..."
Webb-1956-Poverty Point a late archaic-… papers of the American Museum of Natural …-1.pdf,38,,volume,100,ft³,...0 W140 W130 W120 WllO Wioo WOO weo W70 W60 W50 W40 W30 W20 W10 0 FIG. 11. Contour map of Mound B. The elevation of the reference point was assumed as 100 feet. Areas excavated are outlined. 4....
Webb-1956-Poverty Point a late archaic-… papers of the American Museum of Natural …-1.pdf,39,,volume,112,ft³,...ck walls or balks between the trenches to retain a record of the strata and to guide the tractor. All these trenches were lowered to a level of about 112 feet (12 feet above the arbitrary datum and about 10 feet below the summit of the mound) where a number of basketry im- pressions were encountered. These...
Webb-1956-Poverty Point a late archaic-… papers of the American Museum of Natural …-1.pdf,39,,volume,12,ft³,...r balks between the trenches to retain a record of the strata and to guide the tractor. All these trenches were lowered to a level of about 112 feet (12 feet above the arbitrary datum and about 10 feet below the summit of the mound) where a number of basketry im- pressions were encountered. These were at f...
Webb-1956-Poverty Point a late archaic-… papers of the American Museum of Natural …-1.pdf,39,,volume,10,ft³,...ord of the strata and to guide the tractor. All these trenches were lowered to a level of about 112 feet (12 feet above the arbitrary datum and about 10 feet below the summit of the mound) where a number of basketry im- pressions were encountered. These were at first mistaken for post-molds. All the trench...
Webb-1956-Poverty Point a late archaic-… papers of the American Museum of Natural …-1.pdf,39,,volume,99,ft³,"...ce upon which the mound was constructed was level. On the arbitrary vertical scale applied to this excava- tion it had an elevation of between 98 and 99 feet. This surface showed the soil profile normal for Magon Ridge. In both trenches, 8 to 10 inches of gray, leached topsoil was underlain by the reddish..."
Webb-1956-Poverty Point a late archaic-… papers of the American Museum of Natural …-1.pdf,39,,volume,0.5,ft³,"...clay characteristic of Arkansas River deposits. About 18 inches beneath the surface was a zone of redeposited manganese concretions. An ash bed about 0.5 foot thick lay on this old surface. This bed probably extends under the entire mound, for it was found for the full extent of both trenches. The surface o..."
Webb-1956-Poverty Point a late archaic-… papers of the American Museum of Natural …-1.pdf,39,,volume,1.9,ft³,"...tories. A fire pit was found in the ground surface beneath the ash bed in the North 10-20 trench. This was near West 89 (Fig. 11). The pit was round, 1.9 feet in diameter and 0.8 foot deep. It was filled with powdery ash, intermingled with which were 32 baked clay balls of rec- ognizable form, as well as nu..."
Webb-1956-Poverty Point a late archaic-… papers of the American Museum of Natural …-1.pdf,39,,volume,0.8,ft³,"...und in the ground surface beneath the ash bed in the North 10-20 trench. This was near West 89 (Fig. 11). The pit was round, 1.9 feet in diameter and 0.8 foot deep. It was filled with powdery ash, intermingled with which were 32 baked clay balls of rec- ognizable form, as well as numerous fragments. A quant..."
Webb-1956-Poverty Point a late archaic-… papers of the American Museum of Natural …-1.pdf,39,,volume,4,ft³,"...- ognizable form, as well as numerous fragments. A quantity of charcoal was saved from this pit. The first construction was a flat-topped mound about 4 feet high. The fill was composed of basket-loads of yellow clay and occasional loads of whitish topsoil. This soil was very 1956 35..."
Webb-1956-Poverty Point a late archaic-… papers of the American Museum of Natural …-1.pdf,41,,volume,103,ft³,"...d. The basket-loads lay at angles, which indicated that construction had not been very regular. The top of the mound, at an elevation between 102 and 103 feet, showed plainly in the profiles of both trenches. This old surface cleaned off very nicely in both trenches, but no post-molds or other evidences of..."
Webb-1956-Poverty Point a late archaic-… papers of the American Museum of Natural …-1.pdf,41,,volume,4,ft³,...that forms the final capping of the completed mound grad- ually replaced the clay found towards the mound core. The third floor level was built some 4 feet above the second and lies at an elevation of about 107 feet in the profiles of both trenches. The basket-loaded fill between the floors con- sisted o...
Webb-1956-Poverty Point a late archaic-… papers of the American Museum of Natural …-1.pdf,41,,volume,107,ft³,"...ually replaced the clay found towards the mound core. The third floor level was built some 4 feet above the second and lies at an elevation of about 107 feet in the profiles of both trenches. The basket-loaded fill between the floors con- sisted of brown, gray, and yellow clay and of gray loam. In the Nort..."
Webb-1956-Poverty Point a late archaic-… papers of the American Museum of Natural …-1.pdf,41,,volume,0.5,ft³,"...n West 120 and West 130. As can be seen in the dia- gram (Fig. 12), between Stakes West 60 and West 120 this floor had two levels, separated by about 0.5 foot of soil. The water-laid soils mentioned above were on top of the lower floor. In the North 70 profile at West 83 feet, it could be seen that a large..."
Webb-1956-Poverty Point a late archaic-… papers of the American Museum of Natural …-1.pdf,41,,volume,83,ft³,"...two levels, separated by about 0.5 foot of soil. The water-laid soils mentioned above were on top of the lower floor. In the North 70 profile at West 83 feet, it could be seen that a large hole of some sort was dug through both the floors. However, no other post-holes or other signs of constructional activ..."
Webb-1956-Poverty Point a late archaic-… papers of the American Museum of Natural …-1.pdf,41,,volume,40,ft³,"...gests, then this line can be projected to give an idea as to the original height of the mound when newly constructed. It may have been between 35 and 40 feet high. Four feet of reddish brown subsoil mixed with occasional basket-loads of light gray topsoil were piled over Floor 3. The top of this stage was..."
Webb-1956-Poverty Point a late archaic-… papers of the American Museum of Natural …-1.pdf,41,,volume,1.5,ft³,"...ch had a small amount of ash and fragments of charcoal scattered over it was fairly easy to clean. A shallow fire pit with heavily fired clay bottom, 1.5 feet in diameter at West 89, was at least a partial source of this ash. Immediately on Floor Level 4 the Indians had placed 100 or more containers full of..."
Webb-1956-Poverty Point a late archaic-… papers of the American Museum of Natural …-1.pdf,41,,volume,1,ft³,"...ans had placed 100 or more containers full of earth, setting them so close to one another that nearly all were in contact. Thin brownish circles from 1 foot to 2 feet in diameter were encountered in the floors of the trenches between North 30 and North 70. All the trenches were brought to approximately th..."
Webb-1956-Poverty Point a late archaic-… papers of the American Museum of Natural …-1.pdf,41,,volume,2,ft³,"...aced 100 or more containers full of earth, setting them so close to one another that nearly all were in contact. Thin brownish circles from 1 foot to 2 feet in diameter were encountered in the floors of the trenches between North 30 and North 70. All the trenches were brought to approximately the same lev..."
Webb-1956-Poverty Point a late archaic-… papers of the American Museum of Natural …-1.pdf,42,,volume,7.5,ft³,"...f Floor 4. We saw no evidence of their having been placed along the slopes that must have flanked this construction stage. Piled to a height of about 7.5 feet over Floor 4, a conical mass of mottled gray and buff clay showed basket-loading, contained a little cultural material, but had no noteworthy con- st..."
Webb-1956-Poverty Point a late archaic-… papers of the American Museum of Natural …-1.pdf,42,,volume,2,ft³,"...e of comparatively soft brownish loam over this was the last addi- tion to the mound. The badly decayed rem- nants of two infant skeletons were found 2 feet beneath the surface just below the top of Mound B. No evidence of coffins was found, but it isvirtually certain that these are recent burials, not ov..."
Webb-1956-Poverty Point a late archaic-… papers of the American Museum of Natural …-1.pdf,97,,volume,2.5,ft³,"...de, 15 mm. thick, has flattened faces, and is rounded at the edges. The blade is symmetrical and fairly sharp. It was found in Trench 1 at a depth of 2.5 feet, in undoubted association with typical Poverty Point materials. Two other celts are very similar in shape. Both are well smoothed, even polished. One..."
Webb-1956-Poverty Point a late archaic-… papers of the American Museum of Natural …-1.pdf,99,,volume,2,ft³,"...sufficient to release the chain looping that is put in the strings to keep them from tangling and to stretch the cords to their full length of about 2 feet. As the flight of ducks approached, the bolas weights were released by the left hand, given one sharp swing around the head, and thrown so that they..."
Webb-1956-Poverty Point a late archaic-… papers of the American Museum of Natural …-1.pdf,99,,volume,30,ft³,"...wn so that they would fly down the line of the duck formation. The weights were closely bunched as the bolas left the hand, but after it had traveled 30 feet they were 1956 95..."
Webb-1956-Poverty Point a late archaic-… papers of the American Museum of Natural …-1.pdf,122,,volume,1,ft³,"...YS No."" Description Laboratory Date No. PLAQUEMINE PERIOD 1 Mississippi Delta. Archeological sample. Plaquemine Culture. Humble 39 Rangia shells from 1 foot above sea level at Bayou Grande Humble 44 Caillou Site, Terrebonne Parish, Louisiana, 290 22' 38' N., 90° 43' 05' W. Submitted by W. G. McIntire, Lou..."
Webb-1956-Poverty Point a late archaic-… papers of the American Museum of Natural …-1.pdf,122,,volume,3.5,ft³,"...5' W. Submitted by W. G. McIntire, Louisiana State University 2 Mississippi Delta. Archeological sample. Plaquemine Culture. Humble 113 Charcoal from 3.5 feet above sea level, Bayou Grand Caillou Site, Terrebonne Parish, Louisiana, 290 22' 38' N., 900 43' 05' W. Submitted by W. G. McIntire, Louisiana State..."
Webb-1956-Poverty Point a late archaic-… papers of the American Museum of Natural …-1.pdf,122,,volume,6,ft³,"...engo, Peabody Muse- um, Harvard University 5 Chenier Plain of southwestern Louisiana. Archeological sample. Humble 125 Coles Creek Culture. Bone from 6 feet below surface of earth- en mound at contact with Chenier matrix, Little Chenier Site, Grand Chenier Quadrangle, Cameron Parish, Louisiana, 290 49' 30..."
Webb-1956-Poverty Point a late archaic-… papers of the American Museum of Natural …-1.pdf,123,,volume,3,ft³,"...ollected April 20, 1954, by Robert E. Greengo 10 Mississippi Delta. Archeological sample. Coles Creek Culture. Humble 110 1550±100 Rangia shells from 3 feet above sea level, from earth and shell mound near Larose, Cut Off Quadrangle, Lafourche Parish, Louisiana, 290 36' 20' N., 900 22' 25' W. Submitted by..."
Webb-1956-Poverty Point a late archaic-… papers of the American Museum of Natural …-1.pdf,123,,volume,1,ft³,"...itted by W. G. McIntire, Louisiana State University 12 Mississippi Delta. Archeological sample. Troyville horizon. Char- Humble 104 990±100 coal from 1 foot above sea level, Miller (Belle River) Site, Pierre Pass Area, St. Mary Parish, Louisiana, 290 54' 32' N., 910 13' 00' W. Submitted by W. G. McIntire,..."
Webb-1956-Poverty Point a late archaic-… papers of the American Museum of Natural …-1.pdf,124,,volume,2.5,ft³,"...a- quena. Collected March 3, 1954, by Robert E. Greengo 20 Mississippi Delta. Archeological sample. Troyville Culture. Ran- Humble 71 gia shells from 2.5 feet below sea level, River Aux Chene Site, Point a la Hache Quadrangle, Plaquemine Parish, Louisi- ana, 290 37' 58' N., 890 47' 13' W. Submitted by W. G...."
Webb-1956-Poverty Point a late archaic-… papers of the American Museum of Natural …-1.pdf,124,,volume,1,ft³,"...y Robert E. Greengo MARKSVILLE PERIOD 22 Mississippi Delta. Archeological sample. Marksville Culture, Humble 80 but possibly contaminated. Bones from 1 foot below sea level, Magnolia Mound Site, Shell Beach Quadrangle, St. Bernard Parish, Louisiana, 290 53' 18' N., 890 32' 00' W. Only organic portion used..."
Webb-1956-Poverty Point a late archaic-… papers of the American Museum of Natural …-1.pdf,125,,volume,3,ft³,"...A. Submitted by George I. Quimby (see Ford and Quimby, 1945) 30 Mississippi Delta. Archeological sample. Tchefuncte Period. Ran- gia shells from 2 to 3 feet below surface of midden at Site ST-12, Slidell Quadrangle, St. Tammany Parish, Louisiana, 300 18' 40' N., 890 51' 40' W. Submitted by W. G. McIntire,..."
Webb-1956-Poverty Point a late archaic-… papers of the American Museum of Natural …-1.pdf,126,,volume,7.5,ft³,"...oepfner Mound (Toepfner Mound I). Charred logs from a tomb in a large Adena mound in Columbus, Ohio, known as the Toepfner Mound. These logs occurred 7.5 feet above the floor of the mound. The sample was labeled ""Feature II."" Sub- mitted by R. S. Baby, Ohio State Museum (Libby, 1955, 104) 49 Toepfner Mound..."
Webb-1956-Poverty Point a late archaic-… papers of the American Museum of Natural …-1.pdf,126,,volume,4.4,ft³,"...bby, 1955, 104) 49 Toepfner Mound (Toepfner Mound II). Charcoal samples from the Toepfner Mound, described in Number C-923. This mate- rial came from 4.4 feet above the floor of the mound. It was labeled ""Feature VII."" Submitted by R. S. Baby, Ohio State Museum (Libby, 1955, 104) 50 Kentucky Adena I. Charco..."
